Time, Value
2026-05-25T04:08:01 AEST,4
2026-05-26T06:09:01 AEST,4
2026-05-26T09:11:54 AEST,8
2026-05-26T10:08:01 AEST,16
2026-05-26T11:09:01 AEST,24
2026-05-26T12:11:54 AEST,34
2026-05-26T13:08:01 AEST,38
2026-05-26T14:09:01 AEST,40
2026-05-26T15:11:54 AEST,46
2026-05-26T16:08:01 AEST,47
2026-05-26T18:09:01 AEST,48
2026-05-26T20:11:54 AEST,48
2026-05-26T20:38:21 AEST,4
2026-05-26T22:57:13 AEST,4
2026-05-26T23:43:22 AEST,4
2026-05-26T23:57:15 AEST,4
2026-05-27T00:57:17 AEST,4
2026-05-27T01:57:16 AEST,4
2026-05-27T02:57:13 AEST,4
2026-05-27T03:17:16 AEST,4
2026-05-27T03:57:14 AEST,4
2026-05-27T04:57:15 AEST,4
2026-05-27T05:50:06 AEST,4
2026-05-27T05:57:13 AEST,4
2026-05-27T06:57:12 AEST,0
2026-05-27T07:23:25 AEST,0
2026-05-27T07:57:12 AEST,0
2026-05-27T08:57:12 AEST,0
2026-05-27T08:58:07 AEST,0
2026-05-27T09:57:14 AEST,0
2026-05-27T10:57:12 AEST,0
2026-05-27T11:56:07 AEST,0
2026-05-27T11:57:14 AEST,0
2026-05-27T12:57:12 AEST,0
2026-05-27T13:57:12 AEST,0
2026-05-27T14:57:14 AEST,0
2026-05-27T15:57:12 AEST,0
2026-05-27T16:50:37 AEST,0
2026-05-27T16:57:15 AEST,0
2026-05-27T17:57:13 AEST,0
2026-05-27T18:57:14 AEST,0
2026-05-27T19:57:13 AEST,0
2026-05-27T20:43:37 AEST,0
2026-05-27T20:57:12 AEST,0
2026-05-27T23:57:17 AEST,0
2026-05-28T00:16:09 AEST,0
2026-05-28T00:57:16 AEST,0
2026-05-28T01:57:13 AEST,8
2026-05-28T02:57:21 AEST,8
2026-05-28T03:47:50 AEST,8
2026-05-28T03:57:13 AEST,8
2026-05-28T04:57:18 AEST,8
2026-05-28T05:52:33 AEST,8
2026-05-28T05:57:18 AEST,8
2026-05-28T06:57:12 AEST,0
2026-05-28T07:50:18 AEST,0
2026-05-28T07:57:12 AEST,0
2026-05-28T08:57:12 AEST,0
2026-05-28T09:05:29 AEST,0
2026-05-28T09:57:12 AEST,0
2026-05-28T10:57:12 AEST,0
2026-05-28T11:28:03 AEST,0
2026-05-28T11:57:13 AEST,0
2026-05-28T12:57:12 AEST,0
2026-05-28T13:57:13 AEST,0
2026-05-28T14:57:12 AEST,0
2026-05-28T15:56:22 AEST,0
2026-05-28T15:57:12 AEST,0
2026-05-28T16:57:12 AEST,0
2026-05-28T17:57:12 AEST,1
2026-05-28T18:57:15 AEST,1
2026-05-28T19:57:15 AEST,1
2026-05-28T20:42:45 AEST,1
2026-05-28T20:57:14 AEST,1
2026-05-28T21:57:13 AEST,1
2026-05-28T22:57:14 AEST,1
2026-05-28T23:57:18 AEST,1
2026-05-29T00:25:57 AEST,1
2026-05-29T00:57:18 AEST,1
2026-05-29T01:57:15 AEST,1
2026-05-29T02:57:18 AEST,1
2026-05-29T03:53:55 AEST,1
2026-05-29T03:57:14 AEST,1
2026-05-29T04:57:18 AEST,1
2026-05-29T05:57:13 AEST,1
2026-05-29T06:12:04 AEST,1
2026-05-29T06:57:23 AEST,1
2026-05-29T07:57:12 AEST,1
2026-05-29T08:23:55 AEST,1
2026-05-29T08:57:11 AEST,1
2026-05-29T09:57:12 AEST,1
2026-05-29T09:58:43 AEST,1
2026-05-29T10:57:13 AEST,1
2026-05-29T11:57:12 AEST,1
2026-05-29T12:57:13 AEST,1
2026-05-29T13:57:12 AEST,1
2026-05-29T14:57:12 AEST,1
2026-05-29T15:02:32 AEST,1
2026-05-29T15:57:13 AEST,1
2026-05-29T16:57:14 AEST,1
2026-05-29T17:57:13 AEST,1
2026-05-29T18:57:15 AEST,9
2026-05-29T18:58:56 AEST,9
2026-05-29T19:57:13 AEST,9
2026-05-29T20:57:13 AEST,11
2026-05-29T21:57:13 AEST,13
2026-05-29T22:37:24 AEST,13
2026-05-29T22:57:15 AEST,13
2026-05-29T23:57:13 AEST,13
2026-05-30T00:57:14 AEST,13
2026-05-30T01:57:17 AEST,13
2026-05-30T02:32:15 AEST,13
2026-05-30T02:57:16 AEST,13
2026-05-30T03:57:14 AEST,13
2026-05-30T04:57:13 AEST,13
2026-05-30T05:24:28 AEST,13
2026-05-30T05:57:12 AEST,13
2026-05-30T06:57:11 AEST,0
2026-05-30T07:29:23 AEST,0
2026-05-30T07:57:12 AEST,0
2026-05-30T08:57:12 AEST,0
2026-05-30T09:00:46 AEST,0
2026-05-30T09:57:13 AEST,0
2026-05-30T10:57:12 AEST,0
2026-05-30T11:45:17 AEST,0
2026-05-30T11:57:11 AEST,0
2026-05-30T12:57:12 AEST,0
2026-05-30T13:57:12 AEST,0
2026-05-30T14:57:12 AEST,0
2026-05-30T15:37:40 AEST,0
2026-05-30T15:57:11 AEST,0
2026-05-30T16:57:12 AEST,0
2026-05-30T17:57:12 AEST,0
2026-05-30T18:11:23 AEST,0
2026-05-30T18:57:13 AEST,0
2026-05-30T19:57:11 AEST,0
2026-05-30T20:30:34 AEST,0
2026-05-30T20:57:12 AEST,0
2026-05-30T21:57:11 AEST,0
2026-05-30T21:59:04 AEST,0
2026-05-30T22:57:11 AEST,0
2026-05-30T23:57:12 AEST,0
2026-05-31T00:21:08 AEST,0
2026-05-31T00:57:11 AEST,0
2026-05-31T01:55:33 AEST,0
2026-05-31T01:57:11 AEST,0
2026-05-31T02:57:12 AEST,0
2026-05-31T03:53:21 AEST,0
2026-05-31T03:57:11 AEST,0
2026-05-31T04:57:11 AEST,0
2026-05-31T05:02:39 AEST,0
2026-05-31T05:57:13 AEST,0
2026-05-31T06:40:56 AEST,0
2026-05-31T06:57:12 AEST,0
2026-05-31T07:45:43 AEST,0
2026-05-31T07:57:12 AEST,0
2026-05-31T08:43:11 AEST,0
2026-05-31T08:57:11 AEST,0
2026-05-31T09:46:11 AEST,0
2026-05-31T09:57:13 AEST,0
2026-05-31T10:57:11 AEST,0
2026-05-31T11:56:45 AEST,0
2026-05-31T11:57:13 AEST,0
2026-05-31T12:57:11 AEST,0
2026-05-31T13:57:11 AEST,0
2026-05-31T14:57:11 AEST,0
2026-05-31T15:57:12 AEST,0
2026-05-31T16:43:43 AEST,0
2026-05-31T16:57:11 AEST,0
2026-05-31T17:57:13 AEST,0
2026-05-31T18:57:12 AEST,0
2026-05-31T19:38:27 AEST,0
2026-05-31T19:57:12 AEST,0
2026-05-31T20:57:12 AEST,0
2026-05-31T21:22:48 AEST,0
2026-05-31T21:57:11 AEST,0
2026-05-31T22:57:12 AEST,0
2026-05-31T23:03:17 AEST,0
2026-05-31T23:57:12 AEST,0
2026-06-01T00:57:14 AEST,0
2026-06-01T01:07:10 AEST,0
2026-06-01T01:57:13 AEST,0
2026-06-01T02:50:50 AEST,0
2026-06-01T02:57:12 AEST,0
2026-06-01T03:50:12 AEST,0
2026-06-01T03:57:12 AEST,0
2026-06-01T04:56:40 AEST,0
2026-06-01T04:57:11 AEST,0
2026-06-01T05:57:12 AEST,0
2026-06-01T06:44:39 AEST,0
2026-06-01T06:57:11 AEST,0
2026-06-01T07:44:06 AEST,0
2026-06-01T07:57:11 AEST,0
2026-06-01T08:44:03 AEST,0
2026-06-01T08:57:11 AEST,0
2026-06-01T09:51:53 AEST,0
2026-06-01T09:57:11 AEST,0
2026-06-01T10:57:11 AEST,0
2026-06-01T11:57:11 AEST,0
2026-06-01T12:33:09 AEST,0
2026-06-01T12:57:12 AEST,0
2026-06-01T13:57:12 AEST,0
2026-06-01T14:57:12 AEST,0
2026-06-01T15:57:12 AEST,0
2026-06-01T16:57:12 AEST,0
2026-06-01T17:57:13 AEST,0
2026-06-01T18:15:23 AEST,0
2026-06-01T18:57:13 AEST,0
2026-06-01T19:57:13 AEST,0
2026-06-01T20:57:13 AEST,0
2026-06-01T21:57:15 AEST,0
2026-06-01T22:57:14 AEST,0
2026-06-01T23:57:18 AEST,0
2026-06-02T00:43:09 AEST,0
2026-06-02T00:57:16 AEST,0
2026-06-02T01:57:20 AEST,0
2026-06-02T02:57:18 AEST,0
2026-06-02T03:57:13 AEST,0
2026-06-02T04:57:14 AEST,0
2026-06-02T05:48:08 AEST,0
2026-06-02T05:57:14 AEST,0
2026-06-02T06:57:14 AEST,0
2026-06-02T07:57:19 AEST,0
2026-06-02T08:26:44 AEST,0
2026-06-02T08:57:13 AEST,0
2026-06-02T09:57:11 AEST,0
2026-06-02T10:02:12 AEST,0
2026-06-02T10:57:12 AEST,0
2026-06-02T11:57:12 AEST,0
2026-06-02T12:57:13 AEST,0
2026-06-02T13:57:12 AEST,0
2026-06-02T14:57:12 AEST,0
2026-06-02T15:18:04 AEST,0
2026-06-02T15:57:12 AEST,0
2026-06-02T16:57:12 AEST,0
2026-06-02T17:57:17 AEST,0
2026-06-02T18:57:17 AEST,0
2026-06-02T19:54:46 AEST,0
2026-06-02T19:57:16 AEST,0
2026-06-02T20:57:14 AEST,0
2026-06-02T21:57:14 AEST,0
2026-06-02T22:57:18 AEST,0
2026-06-02T23:57:18 AEST,0
2026-06-02T23:59:01 AEST,0
2026-06-03T00:57:20 AEST,0
2026-06-03T01:57:20 AEST,0
2026-06-03T02:57:20 AEST,0
2026-06-03T03:57:20 AEST,0
2026-06-03T04:28:05 AEST,0
2026-06-03T04:57:36 AEST,0
2026-06-03T05:57:17 AEST,0
2026-06-03T06:57:13 AEST,0
2026-06-03T07:38:20 AEST,0
2026-06-03T07:57:14 AEST,0
2026-06-03T08:57:13 AEST,0
2026-06-03T09:24:18 AEST,0
2026-06-03T09:57:12 AEST,0
2026-06-03T10:57:13 AEST,0
2026-06-03T11:57:13 AEST,0
2026-06-03T12:14:21 AEST,0
2026-06-03T12:57:14 AEST,0
2026-06-03T13:57:12 AEST,0
2026-06-03T14:57:13 AEST,0
2026-06-03T15:57:12 AEST,0
2026-06-03T16:57:12 AEST,0
2026-06-03T17:27:28 AEST,0
2026-06-03T17:57:14 AEST,0
2026-06-03T18:57:15 AEST,0
2026-06-03T19:57:15 AEST,0
2026-06-03T20:57:15 AEST,0
2026-06-03T21:57:14 AEST,0
2026-06-03T22:26:38 AEST,0
2026-06-03T22:57:17 AEST,0
2026-06-03T23:57:17 AEST,0
2026-06-04T00:57:20 AEST,0
2026-06-04T01:57:19 AEST,0
2026-06-04T02:57:16 AEST,0
2026-06-04T03:53:43 AEST,0
2026-06-04T03:57:18 AEST,0
2026-06-04T04:57:22 AEST,0
2026-06-04T05:57:16 AEST,0
2026-06-04T06:49:51 AEST,0
2026-06-04T06:57:16 AEST,0
2026-06-04T07:57:12 AEST,0
2026-06-04T08:55:48 AEST,0
2026-06-04T08:57:13 AEST,0
2026-06-04T09:57:12 AEST,0
2026-06-04T10:57:12 AEST,0
2026-06-04T11:57:13 AEST,0
2026-06-04T12:12:31 AEST,0
2026-06-04T12:57:13 AEST,0
2026-06-04T13:57:13 AEST,0
2026-06-04T14:57:13 AEST,0
2026-06-04T15:57:13 AEST,0
2026-06-04T16:57:12 AEST,0
2026-06-04T17:11:15 AEST,0
2026-06-04T17:57:17 AEST,0
2026-06-04T18:57:15 AEST,0
2026-06-04T19:57:14 AEST,0
2026-06-04T20:51:34 AEST,0
2026-06-04T20:57:13 AEST,0
2026-06-04T21:57:14 AEST,0
2026-06-04T22:57:13 AEST,0
2026-06-04T23:52:01 AEST,0
2026-06-04T23:57:19 AEST,0
2026-06-05T00:57:20 AEST,0
2026-06-05T01:57:19 AEST,0
2026-06-05T02:41:55 AEST,0
2026-06-05T02:57:21 AEST,0
2026-06-05T03:57:14 AEST,0
2026-06-05T04:57:15 AEST,0
2026-06-05T05:09:30 AEST,0
2026-06-05T05:57:14 AEST,0
2026-06-05T06:57:16 AEST,0
2026-06-05T07:19:24 AEST,0
2026-06-05T07:57:13 AEST,0
2026-06-05T08:57:13 AEST,0
2026-06-05T08:58:06 AEST,0
2026-06-05T09:57:13 AEST,0
2026-06-05T10:57:12 AEST,0
2026-06-05T11:56:37 AEST,0
2026-06-05T11:57:14 AEST,0
2026-06-05T12:57:13 AEST,0
2026-06-05T13:57:14 AEST,0
2026-06-05T14:57:14 AEST,0
2026-06-05T15:57:13 AEST,0
2026-06-05T16:54:52 AEST,0
2026-06-05T16:57:14 AEST,0
2026-06-05T17:57:15 AEST,0
2026-06-05T18:57:14 AEST,0
2026-06-05T19:57:14 AEST,0
2026-06-05T20:44:15 AEST,0
2026-06-05T20:57:15 AEST,0
2026-06-05T21:57:14 AEST,0
2026-06-05T22:57:13 AEST,0
2026-06-05T23:45:48 AEST,0
2026-06-05T23:57:14 AEST,0
2026-06-06T00:57:14 AEST,0
2026-06-06T01:57:14 AEST,0
2026-06-06T02:23:12 AEST,0
2026-06-06T02:57:13 AEST,0
2026-06-06T03:57:13 AEST,0
2026-06-06T04:52:45 AEST,0
2026-06-06T04:57:18 AEST,0
2026-06-06T05:57:14 AEST,0
2026-06-06T06:45:39 AEST,0
2026-06-06T06:57:14 AEST,0
2026-06-06T07:57:13 AEST,0
2026-06-06T08:07:06 AEST,0
2026-06-06T08:57:13 AEST,0
2026-06-06T09:54:53 AEST,0
2026-06-06T09:57:13 AEST,0
2026-06-06T10:57:13 AEST,0
2026-06-06T11:57:13 AEST,0
2026-06-06T12:50:50 AEST,0
2026-06-06T12:57:15 AEST,0
2026-06-06T13:57:12 AEST,0
2026-06-06T14:57:14 AEST,0
2026-06-06T15:57:13 AEST,0
2026-06-06T16:17:45 AEST,0
2026-06-06T16:57:14 AEST,0
2026-06-06T17:57:14 AEST,0
2026-06-06T18:57:12 AEST,0
2026-06-06T19:14:17 AEST,0
2026-06-06T19:57:12 AEST,0
2026-06-06T20:57:12 AEST,0
2026-06-06T21:12:59 AEST,0
2026-06-06T21:57:14 AEST,0
2026-06-06T22:57:13 AEST,0
2026-06-06T22:58:40 AEST,0
2026-06-06T23:57:12 AEST,0
2026-06-07T00:57:13 AEST,0
2026-06-07T01:02:55 AEST,0
2026-06-07T01:57:13 AEST,0
2026-06-07T02:53:46 AEST,0
2026-06-07T02:57:12 AEST,0
2026-06-07T03:57:12 AEST,0
2026-06-07T04:02:11 AEST,0
2026-06-07T04:57:13 AEST,0
2026-06-07T05:57:13 AEST,0
2026-06-07T06:01:28 AEST,0
2026-06-07T06:57:13 AEST,0
2026-06-07T07:51:16 AEST,0
2026-06-07T07:57:12 AEST,0
2026-06-07T08:51:07 AEST,0
2026-06-07T08:57:14 AEST,0
2026-06-07T09:52:57 AEST,0
2026-06-07T09:57:13 AEST,0
2026-06-07T10:57:14 AEST,0
2026-06-07T11:57:12 AEST,0
2026-06-07T12:43:07 AEST,0
2026-06-07T12:57:13 AEST,0
2026-06-07T13:57:13 AEST,0
2026-06-07T14:57:13 AEST,0
2026-06-07T15:57:15 AEST,0
2026-06-07T16:53:55 AEST,0
2026-06-07T16:57:13 AEST,0
2026-06-07T17:57:12 AEST,0
2026-06-07T18:57:12 AEST,0
2026-06-07T19:57:12 AEST,0
2026-06-07T20:57:12 AEST,0
2026-06-07T21:57:13 AEST,0
2026-06-07T22:14:50 AEST,0
2026-06-07T22:57:14 AEST,0
2026-06-07T23:57:12 AEST,0
2026-06-08T00:43:52 AEST,0
2026-06-08T00:57:12 AEST,0
2026-06-08T01:57:13 AEST,0
2026-06-08T02:03:57 AEST,0
2026-06-08T02:57:14 AEST,0
2026-06-08T03:56:42 AEST,0
2026-06-08T03:57:13 AEST,0
2026-06-08T04:57:13 AEST,0
2026-06-08T05:57:15 AEST,0
2026-06-08T06:03:33 AEST,0
2026-06-08T06:57:13 AEST,0
2026-06-08T07:54:39 AEST,0
2026-06-08T07:57:11 AEST,0
2026-06-08T08:57:13 AEST,0
2026-06-08T09:01:26 AEST,0
2026-06-08T09:57:14 AEST,0
2026-06-08T10:57:14 AEST,0
2026-06-08T11:57:13 AEST,0
2026-06-08T12:06:00 AEST,0
2026-06-08T12:57:13 AEST,0
2026-06-08T13:57:13 AEST,0
2026-06-08T14:57:12 AEST,0
2026-06-08T15:57:13 AEST,0
2026-06-08T16:57:16 AEST,0
2026-06-08T17:18:20 AEST,0
2026-06-08T17:57:13 AEST,0
2026-06-08T18:57:14 AEST,0
2026-06-08T19:57:15 AEST,0
2026-06-08T20:57:14 AEST,0
2026-06-08T21:57:14 AEST,0
2026-06-08T22:17:26 AEST,0
2026-06-08T22:57:17 AEST,0
2026-06-08T23:57:16 AEST,0
2026-06-09T00:57:18 AEST,0
2026-06-09T01:57:20 AEST,0
2026-06-09T02:40:43 AEST,0
2026-06-09T02:57:14 AEST,0
2026-06-09T03:57:14 AEST,0
2026-06-09T04:57:14 AEST,0
2026-06-09T05:11:27 AEST,0
2026-06-09T05:57:15 AEST,0
2026-06-09T06:57:13 AEST,0
2026-06-09T07:29:45 AEST,0
2026-06-09T07:57:14 AEST,0
2026-06-09T08:57:12 AEST,0
2026-06-09T09:04:35 AEST,0
2026-06-09T09:57:12 AEST,0
2026-06-09T10:57:14 AEST,0
2026-06-09T11:44:44 AEST,0
2026-06-09T11:57:12 AEST,0
2026-06-09T12:57:13 AEST,0
2026-06-09T13:57:14 AEST,0
2026-06-09T14:57:15 AEST,0
2026-06-09T15:55:30 AEST,0
2026-06-09T15:57:12 AEST,0
2026-06-09T16:57:13 AEST,0
2026-06-09T17:57:14 AEST,0
2026-06-09T18:57:14 AEST,0
2026-06-09T19:57:13 AEST,0
2026-06-09T20:25:22 AEST,0
2026-06-09T20:57:14 AEST,0
2026-06-09T21:57:15 AEST,0
2026-06-09T22:57:16 AEST,0
2026-06-09T23:34:48 AEST,0
2026-06-09T23:57:17 AEST,0
2026-06-10T00:57:18 AEST,0
2026-06-10T01:57:16 AEST,0
2026-06-10T02:23:26 AEST,0
2026-06-10T02:57:18 AEST,0
2026-06-10T03:57:15 AEST,0
2026-06-10T04:57:19 AEST,0
2026-06-10T05:04:45 AEST,0
2026-06-10T05:57:21 AEST,0
2026-06-10T06:57:13 AEST,0
2026-06-10T07:25:43 AEST,0
2026-06-10T07:57:13 AEST,0
2026-06-10T08:57:12 AEST,0
2026-06-10T09:05:53 AEST,0
2026-06-10T09:57:13 AEST,0
2026-06-10T10:57:14 AEST,0
2026-06-10T11:55:18 AEST,0
2026-06-10T11:57:13 AEST,0
2026-06-10T12:57:12 AEST,0
2026-06-10T13:57:13 AEST,0
2026-06-10T14:57:14 AEST,0
2026-06-10T15:57:14 AEST,0
2026-06-10T16:53:49 AEST,0
2026-06-10T16:57:16 AEST,0
2026-06-10T17:57:14 AEST,0
2026-06-10T18:57:17 AEST,0
2026-06-10T19:57:17 AEST,0
2026-06-10T20:52:14 AEST,0
2026-06-10T20:57:14 AEST,0
2026-06-10T21:57:15 AEST,0
2026-06-10T22:57:15 AEST,0
2026-06-10T23:57:17 AEST,0
2026-06-11T00:17:21 AEST,0
2026-06-11T00:57:18 AEST,0
2026-06-11T02:57:15 AEST,0
2026-06-11T03:46:50 AEST,0
2026-06-11T03:57:17 AEST,0
2026-06-11T04:57:16 AEST,0
2026-06-11T05:57:17 AEST,0
2026-06-11T06:01:41 AEST,0
2026-06-11T06:57:13 AEST,0
2026-06-11T07:57:13 AEST,0
2026-06-11T08:44:01 AEST,0
2026-06-11T08:57:15 AEST,0
2026-06-11T09:57:13 AEST,0
2026-06-11T10:05:13 AEST,0
2026-06-11T10:57:14 AEST,0
2026-06-11T11:57:14 AEST,0
2026-06-11T12:57:13 AEST,0
2026-06-11T13:57:12 AEST,0
2026-06-11T14:57:13 AEST,0
2026-06-11T15:16:36 AEST,0
2026-06-11T15:57:14 AEST,0
2026-06-11T16:57:13 AEST,0
2026-06-11T17:57:14 AEST,0
2026-06-11T18:57:16 AEST,0
2026-06-11T19:56:52 AEST,0
2026-06-11T19:57:17 AEST,0
2026-06-11T20:57:14 AEST,0
2026-06-11T21:57:15 AEST,0
2026-06-11T22:57:15 AEST,0
2026-06-11T23:57:16 AEST,0
2026-06-12T00:27:02 AEST,0
2026-06-12T00:57:17 AEST,0
2026-06-12T01:57:16 AEST,0
2026-06-12T02:57:18 AEST,0
2026-06-12T03:57:17 AEST,0
2026-06-12T03:57:59 AEST,0
2026-06-12T04:57:17 AEST,0
2026-06-12T05:57:15 AEST,0
2026-06-12T06:57:15 AEST,0
2026-06-12T07:09:34 AEST,0
2026-06-12T07:57:14 AEST,0
2026-06-12T08:57:13 AEST,0
2026-06-12T09:11:33 AEST,0
2026-06-12T09:57:13 AEST,0
2026-06-12T10:57:14 AEST,0
2026-06-12T11:57:12 AEST,0
2026-06-12T12:02:15 AEST,0
2026-06-12T12:57:13 AEST,0
2026-06-12T13:57:14 AEST,0
2026-06-12T14:57:13 AEST,0
2026-06-12T15:57:13 AEST,0
2026-06-12T16:57:14 AEST,0
2026-06-12T17:09:04 AEST,0
2026-06-12T17:57:15 AEST,0
2026-06-12T18:57:16 AEST,0
2026-06-12T19:57:14 AEST,0
2026-06-12T20:57:15 AEST,0
2026-06-12T21:31:23 AEST,0
2026-06-12T21:57:15 AEST,0
2026-06-12T22:57:14 AEST,0
2026-06-12T23:57:14 AEST,0
2026-06-13T00:29:18 AEST,0
2026-06-13T00:57:14 AEST,0
2026-06-13T01:57:15 AEST,0
2026-06-13T02:57:15 AEST,0
2026-06-13T03:28:46 AEST,0
2026-06-13T03:57:13 AEST,0
2026-06-13T04:57:17 AEST,0
2026-06-13T05:46:31 AEST,0
2026-06-13T05:57:16 AEST,0
2026-06-13T06:57:16 AEST,0
2026-06-13T07:21:38 AEST,0
2026-06-13T07:57:21 AEST,0
2026-06-13T08:57:21 AEST,0
2026-06-13T09:04:28 AEST,0
2026-06-13T09:57:15 AEST,0
2026-06-13T10:57:21 AEST,0
2026-06-13T11:55:55 AEST,0
2026-06-13T11:57:16 AEST,0
2026-06-13T12:57:15 AEST,0
2026-06-13T13:57:21 AEST,0
2026-06-13T14:57:15 AEST,0
2026-06-13T15:57:21 AEST,0
2026-06-13T16:43:05 AEST,0
2026-06-13T16:57:15 AEST,0
2026-06-13T17:57:14 AEST,0
2026-06-13T18:57:21 AEST,0
2026-06-13T19:47:51 AEST,0
2026-06-13T19:57:14 AEST,0
2026-06-13T20:57:20 AEST,0
2026-06-13T21:44:10 AEST,0
2026-06-13T21:57:15 AEST,0
2026-06-13T22:57:21 AEST,0
2026-06-13T23:14:59 AEST,0
2026-06-13T23:57:15 AEST,0
2026-06-14T00:57:16 AEST,0
2026-06-14T01:22:21 AEST,0
2026-06-14T01:57:22 AEST,0
2026-06-14T02:57:21 AEST,0
2026-06-14T03:04:23 AEST,0
2026-06-14T03:57:16 AEST,0
2026-06-14T04:57:15 AEST,0
2026-06-14T05:01:21 AEST,0
2026-06-14T05:57:15 AEST,0
2026-06-14T06:57:14 AEST,0
2026-06-14T07:57:21 AEST,0
2026-06-14T08:50:33 AEST,0
2026-06-14T08:57:16 AEST,0
2026-06-14T09:53:38 AEST,0
2026-06-14T09:57:16 AEST,0
2026-06-14T10:57:21 AEST,0
2026-06-14T11:57:15 AEST,0
2026-06-14T12:55:52 AEST,0
2026-06-14T12:57:21 AEST,0
2026-06-14T13:57:15 AEST,0
2026-06-14T14:57:16 AEST,0
2026-06-14T15:57:15 AEST,0
2026-06-14T16:57:15 AEST,0
2026-06-14T17:57:17 AEST,0
2026-06-14T18:04:40 AEST,0
2026-06-14T18:57:21 AEST,0
2026-06-14T19:57:22 AEST,0
2026-06-14T20:57:16 AEST,0
2026-06-14T21:19:32 AEST,0
2026-06-14T21:57:15 AEST,0
2026-06-14T22:57:22 AEST,0
2026-06-14T23:20:10 AEST,0
2026-06-14T23:57:20 AEST,0
2026-06-15T00:57:15 AEST,0
2026-06-15T01:30:19 AEST,0
2026-06-15T01:57:15 AEST,0
2026-06-15T02:57:15 AEST,0
2026-06-15T03:03:23 AEST,0
2026-06-15T03:57:16 AEST,0
2026-06-15T04:57:16 AEST,0
2026-06-15T05:01:41 AEST,0
2026-06-15T05:57:14 AEST,0
2026-06-15T06:55:03 AEST,0
2026-06-15T06:57:15 AEST,0
2026-06-15T07:57:15 AEST,0
2026-06-15T08:07:19 AEST,0
2026-06-15T08:57:15 AEST,0
2026-06-15T09:57:16 AEST,0
2026-06-15T10:57:16 AEST,0
2026-06-15T11:57:15 AEST,0
2026-06-15T12:57:16 AEST,0
2026-06-15T13:57:15 AEST,0
2026-06-15T14:57:20 AEST,0
2026-06-15T15:57:16 AEST,0
2026-06-15T16:11:31 AEST,0
2026-06-15T16:57:15 AEST,0
2026-06-15T17:57:14 AEST,0
2026-06-15T18:57:22 AEST,0
2026-06-15T19:57:17 AEST,0
2026-06-15T20:57:25 AEST,0
2026-06-15T21:57:15 AEST,0
2026-06-15T22:54:53 AEST,0
2026-06-15T22:57:22 AEST,0
2026-06-15T23:57:19 AEST,0
2026-06-16T00:57:18 AEST,0
2026-06-16T01:57:20 AEST,0
2026-06-16T02:57:23 AEST,0
2026-06-16T03:57:48 AEST,0
2026-06-16T04:57:16 AEST,0
2026-06-16T05:57:23 AEST,0
2026-06-16T06:42:19 AEST,0
2026-06-16T06:57:23 AEST,0
2026-06-16T07:57:23 AEST,0
2026-06-16T08:52:26 AEST,0
2026-06-16T08:57:21 AEST,0
2026-06-16T09:57:15 AEST,0
2026-06-16T10:23:08 AEST,0
2026-06-16T10:57:22 AEST,0
2026-06-16T11:57:22 AEST,0
2026-06-16T12:57:15 AEST,0
2026-06-16T13:57:16 AEST,0
2026-06-16T14:57:15 AEST,0
2026-06-16T15:57:17 AEST,0
2026-06-16T16:18:16 AEST,0
2026-06-16T16:57:23 AEST,0
2026-06-16T17:57:17 AEST,0
2026-06-16T18:57:26 AEST,0
2026-06-16T19:57:20 AEST,0
2026-06-16T20:57:24 AEST,0
2026-06-16T21:57:19 AEST,0
2026-06-16T21:58:30 AEST,0
2026-06-16T22:57:24 AEST,0
2026-06-16T23:57:24 AEST,0
2026-06-17T00:57:28 AEST,0
2026-06-17T01:57:20 AEST,0
2026-06-17T02:57:26 AEST,0
2026-06-17T03:51:40 AEST,0
2026-06-17T03:57:19 AEST,0
2026-06-17T04:57:29 AEST,0
2026-06-17T05:57:16 AEST,0
2026-06-17T06:34:04 AEST,0
2026-06-17T06:57:24 AEST,0
2026-06-17T07:57:16 AEST,0
2026-06-17T08:45:25 AEST,0
2026-06-17T08:57:16 AEST,0
2026-06-17T09:57:16 AEST,0
2026-06-17T10:06:07 AEST,0
2026-06-17T10:57:22 AEST,0
2026-06-17T11:57:16 AEST,0
2026-06-17T12:57:15 AEST,0
2026-06-17T13:57:16 AEST,0
2026-06-17T14:57:16 AEST,0
2026-06-17T15:54:37 AEST,0
2026-06-17T15:57:15 AEST,0
2026-06-17T16:57:16 AEST,0
2026-06-17T17:57:17 AEST,0
2026-06-17T18:57:20 AEST,0
2026-06-17T19:57:20 AEST,0
2026-06-17T20:48:27 AEST,0
2026-06-17T20:57:15 AEST,0
2026-06-17T21:57:17 AEST,0
2026-06-17T22:57:20 AEST,0
2026-06-17T23:57:23 AEST,0
2026-06-18T00:19:45 AEST,0
2026-06-18T00:57:22 AEST,0
2026-06-18T01:57:19 AEST,0
2026-06-18T02:57:21 AEST,0
2026-06-18T03:40:37 AEST,0
2026-06-18T03:57:24 AEST,0
2026-06-18T04:57:21 AEST,0
2026-06-18T05:52:55 AEST,0
2026-06-18T05:57:20 AEST,0
2026-06-18T06:57:29 AEST,0
2026-06-18T07:53:30 AEST,0
2026-06-18T07:57:17 AEST,0
2026-06-18T08:57:15 AEST,0
2026-06-18T09:18:16 AEST,0
2026-06-18T09:57:15 AEST,0
2026-06-18T10:57:17 AEST,0
2026-06-18T11:57:18 AEST,0
2026-06-18T12:06:32 AEST,0
2026-06-18T12:57:15 AEST,0
2026-06-18T13:57:15 AEST,0
2026-06-18T14:57:17 AEST,0
2026-06-18T15:57:17 AEST,0
2026-06-18T16:57:17 AEST,0
2026-06-18T17:21:18 AEST,0
2026-06-18T17:57:25 AEST,0
2026-06-18T18:57:18 AEST,0
2026-06-18T19:57:16 AEST,0
2026-06-18T20:57:16 AEST,0
2026-06-18T21:40:37 AEST,0
2026-06-18T21:57:22 AEST,0
2026-06-18T22:57:16 AEST,0
2026-06-18T23:57:25 AEST,0
2026-06-19T00:35:35 AEST,0
2026-06-19T00:57:21 AEST,0
2026-06-19T01:57:22 AEST,0
2026-06-19T02:57:18 AEST,0
2026-06-19T03:50:35 AEST,0
2026-06-19T03:57:20 AEST,0
2026-06-19T04:57:17 AEST,0
2026-06-19T05:57:19 AEST,0
2026-06-19T06:01:24 AEST,0
2026-06-19T06:57:15 AEST,0
2026-06-19T07:57:17 AEST,0
2026-06-19T08:47:55 AEST,0
2026-06-19T08:57:16 AEST,0
2026-06-19T09:57:16 AEST,0
2026-06-19T10:16:15 AEST,0
2026-06-19T10:57:16 AEST,0
2026-06-19T11:57:15 AEST,0
2026-06-19T12:57:15 AEST,0
2026-06-19T13:57:16 AEST,0
2026-06-19T14:57:17 AEST,0
2026-06-19T15:57:16 AEST,0
2026-06-19T16:02:19 AEST,0
2026-06-19T16:57:16 AEST,0
2026-06-19T17:57:16 AEST,0
2026-06-19T18:57:17 AEST,0
2026-06-19T19:57:16 AEST,0
2026-06-19T20:57:16 AEST,0
2026-06-19T21:08:43 AEST,0
2026-06-19T21:57:17 AEST,0
2026-06-19T22:57:17 AEST,0
2026-06-19T23:57:16 AEST,0
2026-06-20T00:32:15 AEST,0
2026-06-20T00:57:15 AEST,0
2026-06-20T01:57:15 AEST,0
2026-06-20T02:57:17 AEST,0
2026-06-20T03:07:02 AEST,0
2026-06-20T03:57:16 AEST,0
2026-06-20T04:57:16 AEST,0
2026-06-20T05:18:53 AEST,0
2026-06-20T05:57:17 AEST,0
2026-06-20T06:57:17 AEST,0
2026-06-20T07:57:16 AEST,0
2026-06-20T08:40:54 AEST,0
2026-06-20T08:57:17 AEST,0
2026-06-20T09:54:43 AEST,0
2026-06-20T09:57:15 AEST,0
2026-06-20T10:57:15 AEST,0
2026-06-20T11:57:18 AEST,0
2026-06-20T12:57:17 AEST,0
2026-06-20T12:58:20 AEST,0
2026-06-20T13:57:17 AEST,0
2026-06-20T14:57:16 AEST,0
2026-06-20T15:57:15 AEST,0
2026-06-20T16:57:15 AEST,0
2026-06-20T17:39:27 AEST,0
2026-06-20T17:57:15 AEST,0
2026-06-20T18:57:15 AEST,0
2026-06-20T19:57:16 AEST,0
2026-06-20T20:23:07 AEST,0
2026-06-20T20:57:15 AEST,0
2026-06-20T21:57:16 AEST,0
2026-06-20T22:21:20 AEST,0
2026-06-20T22:57:16 AEST,0
2026-06-20T23:57:17 AEST,0
2026-06-21T00:57:16 AEST,0
2026-06-21T00:57:42 AEST,0
2026-06-21T01:57:16 AEST,0
2026-06-21T02:57:17 AEST,0
2026-06-21T03:10:31 AEST,0
2026-06-21T03:57:15 AEST,0
2026-06-21T04:57:15 AEST,0
2026-06-21T05:02:56 AEST,0
2026-06-21T05:57:17 AEST,0
2026-06-21T06:57:16 AEST,0
2026-06-21T06:58:56 AEST,0
2026-06-21T07:57:15 AEST,0
2026-06-21T08:54:15 AEST,0
2026-06-21T08:57:15 AEST,0
2026-06-21T09:57:15 AEST,0
2026-06-21T10:02:16 AEST,0
2026-06-21T10:57:15 AEST,0
2026-06-21T11:57:15 AEST,0
2026-06-21T12:57:15 AEST,0
2026-06-21T13:57:16 AEST,0
2026-06-21T14:57:15 AEST,0
2026-06-21T15:31:26 AEST,0
2026-06-21T15:57:20 AEST,0
2026-06-21T16:57:17 AEST,0
2026-06-21T17:57:17 AEST,0
2026-06-21T18:57:15 AEST,0
2026-06-21T19:30:05 AEST,0
2026-06-21T19:57:15 AEST,0
2026-06-21T20:57:16 AEST,0
2026-06-21T21:57:16 AEST,0
2026-06-21T22:03:08 AEST,0
2026-06-21T22:57:16 AEST,0
2026-06-21T23:57:14 AEST,0
2026-06-22T00:57:16 AEST,0
2026-06-22T01:04:53 AEST,0
2026-06-22T01:57:15 AEST,0
2026-06-22T02:57:15 AEST,0
2026-06-22T03:13:26 AEST,0
2026-06-22T03:57:15 AEST,0
2026-06-22T04:57:16 AEST,0
2026-06-22T05:07:14 AEST,0
2026-06-22T05:57:16 AEST,0
2026-06-22T06:57:16 AEST,0
2026-06-22T07:00:04 AEST,0
2026-06-22T07:57:14 AEST,0
2026-06-22T08:54:37 AEST,0
2026-06-22T08:57:14 AEST,0
2026-06-22T09:57:16 AEST,0
2026-06-22T10:08:00 AEST,0
2026-06-22T10:57:15 AEST,0
2026-06-22T11:57:17 AEST,0
2026-06-22T12:57:16 AEST,0
2026-06-22T13:57:16 AEST,0
2026-06-22T14:57:16 AEST,0
2026-06-22T15:57:18 AEST,0
2026-06-22T16:14:51 AEST,0
2026-06-22T16:57:18 AEST,0
2026-06-22T17:57:17 AEST,0
2026-06-22T18:57:17 AEST,0
2026-06-22T19:57:18 AEST,0
2026-06-22T20:57:17 AEST,0
2026-06-22T21:57:16 AEST,0
2026-06-22T22:38:48 AEST,0
2026-06-22T22:57:17 AEST,0
2026-06-22T23:57:19 AEST,0
2026-06-23T00:57:20 AEST,0
2026-06-23T01:57:42 AEST,0
2026-06-23T02:57:17 AEST,0
2026-06-23T03:20:08 AEST,0
2026-06-23T03:57:16 AEST,0
2026-06-23T04:57:17 AEST,0
2026-06-23T05:57:19 AEST,0
2026-06-23T06:26:00 AEST,0
2026-06-23T06:57:16 AEST,0
2026-06-23T07:57:16 AEST,0
2026-06-23T08:27:39 AEST,0
2026-06-23T08:57:15 AEST,0
2026-06-23T09:56:52 AEST,0
2026-06-23T09:57:16 AEST,0
2026-06-23T10:57:14 AEST,0
2026-06-23T11:57:15 AEST,0
2026-06-23T12:57:15 AEST,0
2026-06-23T13:57:16 AEST,0
2026-06-23T14:51:54 AEST,0
2026-06-23T14:57:16 AEST,0
2026-06-23T15:57:15 AEST,0
2026-06-23T16:57:16 AEST,0
2026-06-23T17:57:18 AEST,0
2026-06-23T18:22:53 AEST,0
2026-06-23T18:57:19 AEST,0
2026-06-23T19:57:18 AEST,0
2026-06-23T20:57:18 AEST,0
2026-06-23T21:48:40 AEST,0
2026-06-23T21:57:18 AEST,0
2026-06-23T22:57:17 AEST,0
2026-06-23T23:57:19 AEST,0
2026-06-24T00:10:05 AEST,0
2026-06-24T00:57:20 AEST,0
2026-06-24T01:57:20 AEST,0
2026-06-24T02:57:16 AEST,0
2026-06-24T03:08:04 AEST,0
2026-06-24T03:57:20 AEST,0
2026-06-24T04:57:20 AEST,0
2026-06-24T05:44:45 AEST,0
2026-06-24T05:57:21 AEST,0
2026-06-24T06:57:16 AEST,0
2026-06-24T07:20:34 AEST,0
2026-06-24T07:57:15 AEST,0
2026-06-24T08:55:43 AEST,0
2026-06-24T08:57:14 AEST,0
2026-06-24T09:57:15 AEST,0
2026-06-24T10:57:16 AEST,0
2026-06-24T11:49:12 AEST,0
2026-06-24T11:57:15 AEST,0
2026-06-24T12:57:14 AEST,0
2026-06-24T13:57:16 AEST,0
2026-06-24T14:57:16 AEST,0
2026-06-24T15:53:29 AEST,0
2026-06-24T15:57:14 AEST,0
2026-06-24T16:57:15 AEST,0
2026-06-24T17:57:16 AEST,0
2026-06-24T18:56:03 AEST,0
2026-06-24T18:57:16 AEST,0
2026-06-24T19:57:15 AEST,0
2026-06-24T20:57:16 AEST,0
2026-06-24T21:57:17 AEST,0
2026-06-24T22:11:14 AEST,0
2026-06-24T22:57:17 AEST,0
2026-06-24T23:57:20 AEST,0
2026-06-25T00:57:15 AEST,0
2026-06-25T01:27:54 AEST,0
2026-06-25T01:57:16 AEST,0
2026-06-25T02:57:16 AEST,0
2026-06-25T03:44:39 AEST,0
2026-06-25T03:57:16 AEST,0
2026-06-25T04:57:15 AEST,0
2026-06-25T05:21:17 AEST,0
2026-06-25T05:57:16 AEST,0
2026-06-25T06:57:18 AEST,0
2026-06-25T07:14:15 AEST,0
2026-06-25T07:57:16 AEST,0
2026-06-25T08:56:07 AEST,0
2026-06-25T08:57:15 AEST,0
2026-06-25T09:57:15 AEST,0
2026-06-25T10:57:15 AEST,0
2026-06-25T11:53:00 AEST,0
2026-06-25T11:57:15 AEST,0
2026-06-25T12:57:16 AEST,0
2026-06-25T13:57:15 AEST,0
2026-06-25T14:57:15 AEST,0
2026-06-25T15:57:15 AEST,0
2026-06-25T15:58:59 AEST,0
2026-06-25T16:57:16 AEST,0
2026-06-25T17:57:15 AEST,0
2026-06-25T18:57:15 AEST,0
2026-06-25T19:57:16 AEST,0
2026-06-25T19:58:27 AEST,0
2026-06-25T20:57:19 AEST,0
2026-06-25T21:57:15 AEST,0
2026-06-25T22:57:17 AEST,0
2026-06-25T23:07:52 AEST,0
2026-06-25T23:57:19 AEST,0
2026-06-26T00:57:17 AEST,0
2026-06-26T01:57:15 AEST,0
2026-06-26T02:11:14 AEST,0
2026-06-26T02:57:17 AEST,0
2026-06-26T03:57:21 AEST,0
2026-06-26T04:57:17 AEST,0
2026-06-26T04:58:20 AEST,0
2026-06-26T05:57:15 AEST,0
2026-06-26T06:57:16 AEST,0
2026-06-26T07:18:39 AEST,0
2026-06-26T07:57:16 AEST,0
2026-06-26T08:57:15 AEST,0
2026-06-26T09:04:01 AEST,0
2026-06-26T09:57:16 AEST,0
2026-06-26T10:57:15 AEST,0
2026-06-26T11:54:53 AEST,0
2026-06-26T11:57:16 AEST,0
2026-06-26T12:57:14 AEST,0
2026-06-26T13:57:15 AEST,0
2026-06-26T14:57:16 AEST,0
2026-06-26T15:57:16 AEST,0
2026-06-26T16:08:03 AEST,0
2026-06-26T16:57:16 AEST,0
2026-06-26T17:57:16 AEST,0
2026-06-26T18:57:15 AEST,0
2026-06-26T19:57:17 AEST,0
2026-06-26T20:10:46 AEST,0
2026-06-26T20:57:16 AEST,0
2026-06-26T21:57:15 AEST,0
2026-06-26T22:57:17 AEST,0
2026-06-26T23:00:49 AEST,0
2026-06-26T23:57:18 AEST,0
2026-06-27T00:57:15 AEST,0
2026-06-27T01:57:15 AEST,0
2026-06-27T02:03:10 AEST,0
2026-06-27T02:57:16 AEST,0
2026-06-27T03:57:16 AEST,0
2026-06-27T04:19:07 AEST,0
2026-06-27T04:57:17 AEST,0
2026-06-27T05:57:16 AEST,0
2026-06-27T06:23:15 AEST,0
2026-06-27T06:57:15 AEST,0
2026-06-27T07:57:15 AEST,0
2026-06-27T08:57:16 AEST,0
2026-06-27T09:50:37 AEST,0
2026-06-27T09:57:15 AEST,0
2026-06-27T10:57:15 AEST,0
2026-06-27T11:48:22 AEST,0
2026-06-27T11:57:16 AEST,0
2026-06-27T12:57:16 AEST,0
2026-06-27T13:57:16 AEST,0
2026-06-27T14:57:16 AEST,0
2026-06-27T15:41:25 AEST,0
2026-06-27T15:57:14 AEST,0
2026-06-27T16:57:16 AEST,0
2026-06-27T17:57:16 AEST,0
2026-06-27T18:19:44 AEST,0
2026-06-27T18:57:17 AEST,0
2026-06-27T19:57:14 AEST,0
2026-06-27T20:49:27 AEST,0
2026-06-27T20:57:15 AEST,0
2026-06-27T21:57:15 AEST,0
2026-06-27T22:02:45 AEST,0
2026-06-27T22:57:14 AEST,0
2026-06-27T23:57:15 AEST,0
2026-06-28T00:19:21 AEST,0
2026-06-28T00:57:16 AEST,0
2026-06-28T01:55:43 AEST,0
2026-06-28T01:57:16 AEST,0
2026-06-28T02:57:16 AEST,0
2026-06-28T03:51:34 AEST,0
2026-06-28T03:57:15 AEST,0
2026-06-28T04:57:15 AEST,0
2026-06-28T04:59:41 AEST,0
2026-06-28T05:57:15 AEST,0
2026-06-28T06:45:28 AEST,0
2026-06-28T06:57:15 AEST,0
2026-06-28T07:48:47 AEST,0
2026-06-28T07:57:15 AEST,0
2026-06-28T08:47:03 AEST,0
2026-06-28T08:57:17 AEST,0
2026-06-28T09:47:22 AEST,0
2026-06-28T09:57:15 AEST,0
2026-06-28T10:57:14 AEST,0
2026-06-28T11:57:16 AEST,0
2026-06-28T11:58:01 AEST,0
2026-06-28T12:57:16 AEST,0
2026-06-28T13:57:17 AEST,0
2026-06-28T14:57:17 AEST,0
2026-06-28T15:57:18 AEST,0
2026-06-28T16:47:17 AEST,0
2026-06-28T16:57:16 AEST,0
2026-06-28T17:57:16 AEST,0
2026-06-28T18:57:14 AEST,0
2026-06-28T19:48:40 AEST,0
2026-06-28T19:57:16 AEST,0
2026-06-28T20:57:15 AEST,0
2026-06-28T21:28:09 AEST,0
2026-06-28T21:57:14 AEST,0
2026-06-28T22:57:17 AEST,0
2026-06-28T23:05:00 AEST,0
2026-06-28T23:57:15 AEST,0
2026-06-29T00:57:17 AEST,0
2026-06-29T01:07:03 AEST,0
2026-06-29T01:57:14 AEST,0
2026-06-29T02:52:25 AEST,0
2026-06-29T02:57:18 AEST,0
2026-06-29T03:57:16 AEST,0
2026-06-29T03:58:24 AEST,0
2026-06-29T04:57:15 AEST,0
2026-06-29T05:57:16 AEST,0
2026-06-29T06:02:55 AEST,0
2026-06-29T06:57:16 AEST,0
2026-06-29T07:49:30 AEST,0
2026-06-29T07:57:15 AEST,0
2026-06-29T08:47:24 AEST,0
2026-06-29T08:57:15 AEST,0
2026-06-29T09:55:22 AEST,0
2026-06-29T09:57:14 AEST,0
2026-06-29T10:57:16 AEST,0
2026-06-29T11:57:16 AEST,0
2026-06-29T12:57:16 AEST,0
2026-06-29T13:57:15 AEST,0
2026-06-29T14:57:15 AEST,0
2026-06-29T15:20:06 AEST,0
2026-06-29T15:57:16 AEST,0
2026-06-29T16:57:17 AEST,0
2026-06-29T17:57:16 AEST,0
2026-06-29T18:57:15 AEST,0
2026-06-29T19:57:15 AEST,0
2026-06-29T20:13:51 AEST,0
2026-06-29T20:57:13 AEST,0
2026-06-29T21:57:15 AEST,0
2026-06-29T22:57:13 AEST,0
2026-06-30T00:39:12 AEST,0
2026-06-30T00:57:14 AEST,0
2026-06-30T01:57:15 AEST,0
2026-06-30T02:57:14 AEST,0
2026-06-30T03:25:02 AEST,0
2026-06-30T03:57:15 AEST,0
2026-06-30T04:57:14 AEST,0
2026-06-30T05:27:43 AEST,0
2026-06-30T05:57:15 AEST,0
2026-06-30T06:57:15 AEST,0
2026-06-30T07:14:06 AEST,0
2026-06-30T07:57:14 AEST,0
2026-06-30T08:46:28 AEST,0
2026-06-30T08:57:14 AEST,0
2026-06-30T09:46:03 AEST,0
2026-06-30T09:57:13 AEST,0
2026-06-30T10:57:14 AEST,0
2026-06-30T11:53:35 AEST,0
2026-06-30T11:57:13 AEST,0
2026-06-30T12:57:13 AEST,0
2026-06-30T13:57:13 AEST,0
2026-06-30T14:57:20 AEST,0
2026-06-30T15:57:14 AEST,0
2026-06-30T16:04:53 AEST,0
2026-06-30T16:57:15 AEST,0
2026-06-30T17:57:14 AEST,0
2026-06-30T18:57:14 AEST,0
2026-06-30T19:57:15 AEST,0
2026-06-30T20:20:03 AEST,0
2026-06-30T20:57:15 AEST,0
2026-06-30T21:57:15 AEST,0
2026-06-30T22:57:15 AEST,0
2026-06-30T22:58:01 AEST,0
2026-06-30T23:57:14 AEST,0
2026-07-01T00:57:17 AEST,0
2026-07-01T01:57:14 AEST,0
2026-07-01T02:12:09 AEST,0
2026-07-01T02:57:14 AEST,0
2026-07-01T03:57:15 AEST,0
2026-07-01T04:25:32 AEST,0
2026-07-01T04:57:13 AEST,0
2026-07-01T05:57:14 AEST,0
2026-07-01T06:47:57 AEST,0
2026-07-01T06:57:15 AEST,0
2026-07-01T07:57:13 AEST,0
2026-07-01T08:04:59 AEST,0
2026-07-01T08:57:13 AEST,0
2026-07-01T09:54:16 AEST,0
2026-07-01T09:57:14 AEST,0
2026-07-01T10:57:14 AEST,0
2026-07-01T11:57:14 AEST,0
2026-07-01T12:57:13 AEST,0
2026-07-01T12:57:42 AEST,0
2026-07-01T13:57:14 AEST,0
2026-07-01T14:57:14 AEST,0
2026-07-01T15:57:13 AEST,0
2026-07-01T16:57:13 AEST,0
2026-07-01T17:57:14 AEST,0
2026-07-01T17:59:40 AEST,0
2026-07-01T18:57:14 AEST,0
2026-07-01T19:57:13 AEST,0
2026-07-01T20:57:13 AEST,0
2026-07-01T21:47:20 AEST,0
2026-07-01T21:57:13 AEST,0
2026-07-01T22:57:16 AEST,0
2026-07-01T23:57:15 AEST,0
2026-07-02T00:57:18 AEST,0
2026-07-02T01:57:14 AEST,0
2026-07-02T02:57:16 AEST,0
2026-07-02T03:02:51 AEST,0
2026-07-02T03:57:17 AEST,0
2026-07-02T04:57:15 AEST,0
2026-07-02T05:24:53 AEST,0
2026-07-02T05:57:13 AEST,0
2026-07-02T06:57:14 AEST,0
2026-07-02T07:13:24 AEST,0
2026-07-02T07:57:13 AEST,0
2026-07-02T08:57:13 AEST,0
2026-07-02T08:57:33 AEST,0
2026-07-02T09:57:14 AEST,0
2026-07-02T10:57:13 AEST,0
2026-07-02T11:53:21 AEST,0
2026-07-02T11:57:14 AEST,0
2026-07-02T12:57:14 AEST,0
2026-07-02T13:57:14 AEST,0
2026-07-02T14:57:12 AEST,0
2026-07-02T15:52:05 AEST,0
2026-07-02T15:57:13 AEST,0
2026-07-02T16:57:13 AEST,0
2026-07-02T17:57:15 AEST,0
2026-07-02T18:39:58 AEST,0
2026-07-02T18:57:15 AEST,0
2026-07-02T19:57:14 AEST,0
2026-07-02T20:57:16 AEST,0
2026-07-02T21:23:29 AEST,0
2026-07-02T21:57:14 AEST,0
2026-07-02T22:57:15 AEST,0
2026-07-02T23:21:53 AEST,0
2026-07-02T23:57:15 AEST,0
2026-07-03T00:57:15 AEST,0
2026-07-03T01:56:51 AEST,0
2026-07-03T01:57:15 AEST,0
2026-07-03T02:57:15 AEST,0
2026-07-03T03:57:15 AEST,0
2026-07-03T04:21:04 AEST,0
2026-07-03T04:57:14 AEST,0
2026-07-03T05:57:14 AEST,0
2026-07-03T06:11:23 AEST,0
2026-07-03T06:57:15 AEST,0
2026-07-03T07:54:15 AEST,0
2026-07-03T07:57:14 AEST,0
2026-07-03T08:57:14 AEST,0
2026-07-03T08:59:44 AEST,0
2026-07-03T09:57:14 AEST,0
2026-07-03T10:57:14 AEST,0
2026-07-03T11:22:30 AEST,0
2026-07-03T11:57:14 AEST,0
2026-07-03T12:57:14 AEST,0
2026-07-03T13:57:15 AEST,0
2026-07-03T14:57:14 AEST,0
2026-07-03T15:37:35 AEST,0
2026-07-03T15:57:14 AEST,0
2026-07-03T16:57:14 AEST,0
2026-07-03T17:57:13 AEST,0
2026-07-03T18:40:38 AEST,0
2026-07-03T18:57:13 AEST,0
2026-07-03T19:57:15 AEST,0
2026-07-03T20:57:14 AEST,0
2026-07-03T21:20:37 AEST,0
2026-07-03T21:57:16 AEST,0
2026-07-03T22:57:14 AEST,0
2026-07-03T23:24:34 AEST,0
2026-07-03T23:57:14 AEST,0
2026-07-04T00:57:14 AEST,0
2026-07-04T01:44:36 AEST,0
2026-07-04T01:57:14 AEST,0
2026-07-04T02:57:13 AEST,0
2026-07-04T03:06:44 AEST,0
2026-07-04T03:57:14 AEST,0
2026-07-04T04:54:54 AEST,0
2026-07-04T04:57:15 AEST,0
2026-07-04T05:57:14 AEST,0
2026-07-04T06:12:10 AEST,0
2026-07-04T06:57:13 AEST,0
2026-07-04T07:51:14 AEST,0
2026-07-04T07:57:15 AEST,0
2026-07-04T08:50:14 AEST,0
2026-07-04T08:57:13 AEST,0
2026-07-04T09:51:29 AEST,0
2026-07-04T09:57:13 AEST,0
2026-07-04T10:57:13 AEST,0
2026-07-04T11:29:35 AEST,0
2026-07-04T11:57:13 AEST,0
2026-07-04T12:57:13 AEST,0
2026-07-04T13:57:13 AEST,0
2026-07-04T14:57:14 AEST,0
2026-07-04T15:30:46 AEST,0
2026-07-04T15:57:15 AEST,0
2026-07-04T16:57:16 AEST,0
2026-07-04T17:57:13 AEST,0
2026-07-04T18:14:57 AEST,0
2026-07-04T18:57:14 AEST,0
2026-07-04T19:57:14 AEST,0
2026-07-04T20:44:38 AEST,0
2026-07-04T20:57:14 AEST,0
2026-07-04T21:57:13 AEST,0
2026-07-04T21:58:07 AEST,0
2026-07-04T22:57:13 AEST,0
2026-07-04T23:57:14 AEST,0
2026-07-05T00:20:24 AEST,0
2026-07-05T00:57:13 AEST,0
2026-07-05T01:50:14 AEST,0
2026-07-05T01:57:14 AEST,0
2026-07-05T02:45:42 AEST,0
2026-07-05T02:57:12 AEST,0
2026-07-05T03:51:26 AEST,0
2026-07-05T03:57:13 AEST,0
2026-07-05T04:50:36 AEST,0
2026-07-05T04:57:13 AEST,0
2026-07-05T05:57:14 AEST,0
2026-07-05T06:01:11 AEST,0
2026-07-05T06:57:13 AEST,0
2026-07-05T07:43:22 AEST,0
2026-07-05T07:57:13 AEST,0
2026-07-05T08:42:47 AEST,0
2026-07-05T08:57:14 AEST,0
2026-07-05T09:47:53 AEST,0
2026-07-05T09:57:14 AEST,0
2026-07-05T10:57:14 AEST,0
2026-07-05T11:28:08 AEST,0
2026-07-05T11:57:14 AEST,0
2026-07-05T12:57:15 AEST,0
2026-07-05T13:57:14 AEST,0
2026-07-05T14:57:14 AEST,0
2026-07-05T15:49:00 AEST,0
2026-07-05T15:57:13 AEST,0
2026-07-05T16:57:13 AEST,0
2026-07-05T17:57:13 AEST,0
2026-07-05T18:33:34 AEST,0
2026-07-05T18:57:13 AEST,0
2026-07-05T19:57:13 AEST,0
2026-07-05T20:53:59 AEST,0
2026-07-05T20:57:13 AEST,0
2026-07-05T21:57:15 AEST,0
2026-07-05T22:10:56 AEST,0
2026-07-05T22:57:13 AEST,0
2026-07-05T23:57:13 AEST,0
2026-07-06T00:21:43 AEST,0
2026-07-06T00:57:14 AEST,0
2026-07-06T01:56:22 AEST,0
2026-07-06T01:57:13 AEST,0
2026-07-06T02:57:13 AEST,0
2026-07-06T03:52:09 AEST,0
2026-07-06T03:57:15 AEST,0
2026-07-06T04:57:13 AEST,0
2026-07-06T05:00:07 AEST,0
2026-07-06T05:57:13 AEST,0
2026-07-06T06:42:51 AEST,0
2026-07-06T06:57:15 AEST,0
2026-07-06T07:44:55 AEST,0
2026-07-06T07:57:14 AEST,0
2026-07-06T08:44:08 AEST,0
2026-07-06T08:57:15 AEST,0
2026-07-06T09:51:22 AEST,0
2026-07-06T09:57:15 AEST,0
2026-07-06T10:57:14 AEST,0
2026-07-06T11:49:11 AEST,0
2026-07-06T11:57:25 AEST,0
2026-07-06T12:57:13 AEST,0
2026-07-06T13:57:15 AEST,0
2026-07-06T14:57:13 AEST,0
2026-07-06T15:57:14 AEST,0
2026-07-06T16:11:45 AEST,0
2026-07-06T16:57:13 AEST,0
2026-07-06T17:57:16 AEST,0
2026-07-06T18:57:16 AEST,0
2026-07-06T19:57:17 AEST,0
2026-07-06T20:57:16 AEST,0
2026-07-06T21:17:39 AEST,0
2026-07-06T21:57:16 AEST,0
2026-07-06T22:57:28 AEST,0
2026-07-06T23:57:15 AEST,0
2026-07-07T00:46:55 AEST,0
2026-07-07T00:57:16 AEST,0
2026-07-07T01:57:15 AEST,0
2026-07-07T02:57:14 AEST,0
2026-07-07T03:30:46 AEST,0
2026-07-07T03:57:14 AEST,0
2026-07-07T04:57:15 AEST,0
2026-07-07T05:25:01 AEST,0
2026-07-07T05:57:15 AEST,0
2026-07-07T06:57:15 AEST,0
2026-07-07T07:15:38 AEST,0
2026-07-07T07:57:16 AEST,0
2026-07-07T08:52:10 AEST,0
2026-07-07T08:57:13 AEST,0
2026-07-07T09:57:15 AEST,0
2026-07-07T09:57:28 AEST,0
2026-07-07T10:57:14 AEST,0
2026-07-07T11:57:15 AEST,0
2026-07-07T12:57:14 AEST,0
2026-07-07T13:57:13 AEST,0
2026-07-07T14:39:19 AEST,0
2026-07-07T14:57:13 AEST,0
2026-07-07T15:57:13 AEST,0
2026-07-07T16:57:15 AEST,0
2026-07-07T17:57:14 AEST,0
2026-07-07T18:12:19 AEST,0
2026-07-07T18:57:14 AEST,0
2026-07-07T19:57:14 AEST,0
2026-07-07T20:57:14 AEST,0
2026-07-07T21:33:56 AEST,0
2026-07-07T21:57:14 AEST,0
2026-07-07T22:57:15 AEST,0
2026-07-07T23:56:45 AEST,0
2026-07-07T23:57:17 AEST,0
2026-07-08T00:57:18 AEST,0
2026-07-08T01:57:17 AEST,0
2026-07-08T02:57:14 AEST,0
2026-07-08T03:02:32 AEST,0
2026-07-08T03:57:14 AEST,0
2026-07-08T04:57:14 AEST,0
2026-07-08T05:27:36 AEST,0
2026-07-08T05:57:14 AEST,0
2026-07-08T06:57:14 AEST,0
2026-07-08T07:11:13 AEST,0
2026-07-08T07:57:14 AEST,0
2026-07-08T08:47:13 AEST,0
2026-07-08T08:57:13 AEST,0
2026-07-08T09:41:10 AEST,0
2026-07-08T09:57:13 AEST,0
2026-07-08T10:57:15 AEST,0
2026-07-08T11:14:04 AEST,0
2026-07-08T11:57:14 AEST,0
2026-07-08T12:57:14 AEST,0
2026-07-08T13:57:15 AEST,0
2026-07-08T14:53:10 AEST,0
2026-07-08T14:57:13 AEST,0
2026-07-08T15:57:14 AEST,0
2026-07-08T16:57:14 AEST,0
2026-07-08T17:23:20 AEST,0
2026-07-08T17:57:13 AEST,0
2026-07-08T18:57:15 AEST,0
2026-07-08T19:57:15 AEST,0
2026-07-08T20:00:57 AEST,0
2026-07-08T20:57:14 AEST,0
2026-07-08T21:57:13 AEST,0
2026-07-08T22:09:28 AEST,0
2026-07-08T22:57:15 AEST,0
2026-07-08T23:57:16 AEST,0
2026-07-09T00:57:17 AEST,0
2026-07-09T01:03:19 AEST,0
2026-07-09T01:57:14 AEST,0
2026-07-09T02:57:14 AEST,0
2026-07-09T03:13:45 AEST,0
2026-07-09T03:57:14 AEST,0
2026-07-09T04:57:16 AEST,0
2026-07-09T04:58:48 AEST,0
2026-07-09T05:57:15 AEST,0
2026-07-09T06:50:46 AEST,0
2026-07-09T06:57:14 AEST,0
2026-07-09T07:53:58 AEST,0
2026-07-09T07:57:14 AEST,0
2026-07-09T08:57:13 AEST,0
2026-07-09T08:59:09 AEST,0
2026-07-09T09:57:14 AEST,0
2026-07-09T10:57:14 AEST,0
2026-07-09T11:21:50 AEST,0
2026-07-09T11:57:13 AEST,0
2026-07-09T12:57:14 AEST,0
2026-07-09T13:57:14 AEST,0
2026-07-09T14:57:17 AEST,0
2026-07-09T15:49:26 AEST,0
2026-07-09T15:57:15 AEST,0
2026-07-09T16:57:14 AEST,0
2026-07-09T17:57:17 AEST,0
2026-07-09T18:56:02 AEST,0
2026-07-09T18:57:15 AEST,0
2026-07-09T20:02:18 AEST,0
2026-07-09T20:57:17 AEST,0
2026-07-09T22:02:17 AEST,0
2026-07-09T22:58:05 AEST,0
2026-07-09T23:57:15 AEST,0
2026-07-10T00:57:17 AEST,0
2026-07-10T01:49:23 AEST,0
2026-07-10T01:57:14 AEST,0
2026-07-10T02:57:15 AEST,0
2026-07-10T03:43:21 AEST,0
2026-07-10T03:57:15 AEST,0
2026-07-10T04:57:16 AEST,0
2026-07-10T05:14:37 AEST,0
2026-07-10T05:57:15 AEST,0
2026-07-10T06:57:14 AEST,0
2026-07-10T07:07:51 AEST,0
2026-07-10T07:57:14 AEST,0
2026-07-10T08:57:14 AEST,0
2026-07-10T08:58:56 AEST,0
2026-07-10T09:57:15 AEST,0
2026-07-10T10:57:15 AEST,0
2026-07-10T11:18:41 AEST,0
2026-07-10T11:57:14 AEST,0
2026-07-10T12:57:14 AEST,0
2026-07-10T13:57:16 AEST,0
2026-07-10T14:57:14 AEST,0
2026-07-10T15:47:11 AEST,0
2026-07-10T15:57:13 AEST,0
2026-07-10T16:57:14 AEST,0
2026-07-10T17:57:14 AEST,0
2026-07-10T18:53:11 AEST,0
2026-07-10T18:57:15 AEST,0
2026-07-10T19:57:15 AEST,0
2026-07-10T20:57:14 AEST,0
2026-07-10T21:43:47 AEST,0
2026-07-10T21:57:14 AEST,0
2026-07-10T22:57:14 AEST,0
2026-07-10T23:46:16 AEST,0
2026-07-10T23:57:17 AEST,0
2026-07-11T00:57:16 AEST,0
2026-07-11T01:57:15 AEST,0
2026-07-11T02:09:05 AEST,0
2026-07-11T02:57:14 AEST,0
2026-07-11T03:57:16 AEST,0
2026-07-11T04:13:03 AEST,0
2026-07-11T04:57:15 AEST,0
2026-07-11T05:57:18 AEST,0
2026-07-11T06:08:50 AEST,0
2026-07-11T06:57:16 AEST,0
2026-07-11T07:45:41 AEST,0
2026-07-11T07:57:14 AEST,0
2026-07-11T08:44:49 AEST,0
2026-07-11T08:57:13 AEST,0
2026-07-11T09:43:09 AEST,0
2026-07-11T09:57:13 AEST,0
2026-07-11T10:57:15 AEST,0
2026-07-11T11:12:52 AEST,0
2026-07-11T11:57:15 AEST,0
2026-07-11T12:57:14 AEST,0
2026-07-11T13:57:14 AEST,0
2026-07-11T14:48:33 AEST,0
2026-07-11T14:57:14 AEST,0
2026-07-11T15:57:15 AEST,0
2026-07-11T16:57:14 AEST,0
2026-07-11T17:01:26 AEST,0
2026-07-11T17:57:15 AEST,0
2026-07-11T18:57:14 AEST,0
2026-07-11T19:11:24 AEST,0
2026-07-11T19:57:14 AEST,0
2026-07-11T20:48:13 AEST,0
2026-07-11T20:57:14 AEST,0
2026-07-11T21:39:10 AEST,0
2026-07-11T21:57:15 AEST,0
2026-07-11T22:42:47 AEST,0
2026-07-11T22:57:15 AEST,0
2026-07-11T23:57:15 AEST,0
2026-07-12T00:14:28 AEST,0
2026-07-12T00:57:14 AEST,0
2026-07-12T01:40:39 AEST,0
2026-07-12T01:57:13 AEST,0
2026-07-12T02:38:06 AEST,0
2026-07-12T02:57:15 AEST,0
2026-07-12T03:42:19 AEST,0
2026-07-12T03:57:14 AEST,0
2026-07-12T04:38:15 AEST,0
2026-07-12T04:57:13 AEST,0
2026-07-12T05:55:32 AEST,0
2026-07-12T05:57:14 AEST,0
2026-07-12T06:57:13 AEST,0
2026-07-12T07:35:37 AEST,0
2026-07-12T07:57:13 AEST,0
2026-07-12T08:33:03 AEST,0
2026-07-12T08:57:16 AEST,0
2026-07-12T09:38:29 AEST,0
2026-07-12T09:57:13 AEST,0
2026-07-12T10:57:13 AEST,0
2026-07-12T11:14:30 AEST,0
2026-07-12T11:57:15 AEST,0
2026-07-12T12:57:14 AEST,0
2026-07-12T13:57:13 AEST,0
2026-07-12T14:57:14 AEST,0
2026-07-12T14:59:45 AEST,0
2026-07-12T15:57:14 AEST,0
2026-07-12T16:57:13 AEST,0
2026-07-12T17:51:31 AEST,0
2026-07-12T17:57:13 AEST,0
2026-07-12T18:57:15 AEST,0
2026-07-12T19:40:10 AEST,0
2026-07-12T19:57:16 AEST,0
2026-07-12T20:57:14 AEST,0
2026-07-12T21:06:28 AEST,0
2026-07-12T21:57:13 AEST,0
2026-07-12T22:43:29 AEST,0
2026-07-12T22:57:14 AEST,0
2026-07-12T23:57:15 AEST,0
2026-07-13T00:19:02 AEST,0
2026-07-13T00:57:14 AEST,0
2026-07-13T01:43:55 AEST,0
2026-07-13T01:57:13 AEST,0
2026-07-13T02:40:08 AEST,0
2026-07-13T02:57:14 AEST,0
2026-07-13T03:45:40 AEST,0
2026-07-13T03:57:13 AEST,0
2026-07-13T04:41:54 AEST,0
2026-07-13T04:57:13 AEST,0
2026-07-13T05:56:39 AEST,0
2026-07-13T05:57:14 AEST,0
2026-07-13T06:57:14 AEST,0
2026-07-13T07:35:22 AEST,0
2026-07-13T07:57:14 AEST,0
2026-07-13T08:33:54 AEST,0
2026-07-13T08:57:15 AEST,0
2026-07-13T09:38:01 AEST,0
2026-07-13T09:57:15 AEST,0
2026-07-13T10:57:14 AEST,0
2026-07-13T11:15:32 AEST,0
2026-07-13T11:57:14 AEST,0
2026-07-13T12:57:14 AEST,0
2026-07-13T13:57:15 AEST,0
2026-07-13T14:57:13 AEST,0
2026-07-13T15:19:21 AEST,0
2026-07-13T15:57:15 AEST,0
2026-07-13T16:57:14 AEST,0
2026-07-13T17:57:16 AEST,0
2026-07-13T18:37:10 AEST,0
2026-07-13T18:57:14 AEST,0
2026-07-13T19:57:16 AEST,0
2026-07-13T20:57:14 AEST,0
2026-07-13T21:45:18 AEST,0
2026-07-13T21:57:14 AEST,0
2026-07-13T22:57:15 AEST,0
2026-07-13T23:51:16 AEST,0
2026-07-13T23:57:16 AEST,0
2026-07-14T00:57:17 AEST,0
2026-07-14T01:57:20 AEST,0
2026-07-14T02:16:36 AEST,0
2026-07-14T02:57:17 AEST,0
2026-07-14T03:57:15 AEST,0
2026-07-14T04:23:23 AEST,0
2026-07-14T04:57:14 AEST,0
2026-07-14T05:57:15 AEST,0
2026-07-14T06:03:14 AEST,0
2026-07-14T06:57:14 AEST,0
2026-07-14T07:40:01 AEST,0
2026-07-14T07:57:14 AEST,0
2026-07-14T08:40:16 AEST,0
2026-07-14T08:57:16 AEST,0
2026-07-14T09:38:31 AEST,0
2026-07-14T09:57:15 AEST,0
2026-07-14T10:57:14 AEST,0
2026-07-14T11:05:38 AEST,0
2026-07-14T11:57:13 AEST,0
2026-07-14T12:57:13 AEST,0
2026-07-14T13:57:14 AEST,0
2026-07-14T14:34:58 AEST,0
2026-07-14T14:57:13 AEST,0
2026-07-14T15:57:14 AEST,0
2026-07-14T16:57:14 AEST,0
2026-07-14T16:59:02 AEST,0
2026-07-14T17:57:14 AEST,0
2026-07-14T18:57:15 AEST,0
2026-07-14T19:30:56 AEST,0
2026-07-14T19:57:15 AEST,0
2026-07-14T20:57:14 AEST,0
2026-07-14T21:13:25 AEST,0
2026-07-14T21:57:15 AEST,0
2026-07-14T22:56:10 AEST,0
2026-07-14T22:57:16 AEST,0
2026-07-14T23:57:18 AEST,0
2026-07-15T00:57:15 AEST,0
2026-07-15T01:13:01 AEST,0
2026-07-15T01:57:16 AEST,0
2026-07-15T02:57:16 AEST,0
2026-07-15T03:57:16 AEST,0
2026-07-15T04:54:13 AEST,0
2026-07-15T04:57:14 AEST,0
2026-07-15T05:57:15 AEST,0
2026-07-15T06:06:36 AEST,0
2026-07-15T06:57:14 AEST,0
2026-07-15T07:42:17 AEST,0
2026-07-15T07:57:14 AEST,0
2026-07-15T08:42:12 AEST,0
2026-07-15T08:57:16 AEST,0
2026-07-15T09:37:43 AEST,0
2026-07-15T09:57:15 AEST,0
2026-07-15T10:57:14 AEST,0
2026-07-15T11:02:45 AEST,0
2026-07-15T11:57:15 AEST,0
2026-07-15T12:57:15 AEST,0
2026-07-15T13:57:15 AEST,0
2026-07-15T14:34:52 AEST,0
2026-07-15T14:57:15 AEST,0
2026-07-15T15:57:14 AEST,0
2026-07-15T16:57:14 AEST,0
2026-07-15T17:03:04 AEST,0
2026-07-15T17:57:14 AEST,0
2026-07-15T18:57:14 AEST,0
2026-07-15T19:44:08 AEST,0
2026-07-15T19:57:14 AEST,0
2026-07-15T20:57:15 AEST,0
2026-07-15T21:16:57 AEST,0
2026-07-15T21:57:15 AEST,0
2026-07-15T22:57:16 AEST,0
2026-07-15T22:59:46 AEST,0
2026-07-15T23:57:18 AEST,0
2026-07-16T00:57:15 AEST,0
2026-07-16T01:13:48 AEST,0
2026-07-16T01:57:16 AEST,0
2026-07-16T02:57:15 AEST,0
2026-07-16T02:59:05 AEST,0
2026-07-16T03:57:14 AEST,0
2026-07-16T04:48:33 AEST,0
2026-07-16T04:57:15 AEST,0
2026-07-16T05:57:14 AEST,0
2026-07-16T05:57:41 AEST,0
2026-07-16T06:57:13 AEST,0
2026-07-16T07:43:29 AEST,0
2026-07-16T07:57:14 AEST,0
2026-07-16T08:43:44 AEST,0
2026-07-16T08:57:14 AEST,0
2026-07-16T09:44:01 AEST,0
2026-07-16T09:57:14 AEST,0
2026-07-16T10:57:16 AEST,0
2026-07-16T11:11:48 AEST,0
2026-07-16T11:57:14 AEST,0
2026-07-16T12:57:14 AEST,0
2026-07-16T13:57:15 AEST,0
2026-07-16T14:45:10 AEST,0
2026-07-16T14:57:14 AEST,0
2026-07-16T15:57:14 AEST,0
2026-07-16T16:57:14 AEST,0
2026-07-16T17:11:36 AEST,0
2026-07-16T17:57:14 AEST,0
2026-07-16T18:57:14 AEST,0
2026-07-16T19:50:18 AEST,0
2026-07-16T19:57:14 AEST,0
2026-07-16T20:57:15 AEST,0
2026-07-16T21:22:43 AEST,0
2026-07-16T21:57:14 AEST,0
2026-07-16T22:57:16 AEST,0
2026-07-16T23:07:20 AEST,0
2026-07-16T23:57:15 AEST,0
2026-07-17T00:57:19 AEST,0
2026-07-17T01:21:49 AEST,0
2026-07-17T01:57:19 AEST,0
2026-07-17T02:57:03 AEST,0
2026-07-17T02:57:15 AEST,0
2026-07-17T03:57:15 AEST,0
2026-07-17T04:50:16 AEST,0
2026-07-17T04:57:15 AEST,0
2026-07-17T05:52:05 AEST,0
2026-07-17T05:57:14 AEST,0
2026-07-17T06:44:21 AEST,0
2026-07-17T06:57:16 AEST,0
2026-07-17T07:50:18 AEST,0
2026-07-17T07:58:07 AEST,0
2026-07-17T08:43:19 AEST,0
2026-07-17T08:57:14 AEST,0
2026-07-17T09:43:09 AEST,0
2026-07-17T09:57:15 AEST,0
2026-07-17T10:57:15 AEST,0
2026-07-17T11:15:39 AEST,0
2026-07-17T11:57:16 AEST,0
2026-07-17T12:57:15 AEST,0
2026-07-17T13:57:17 AEST,0
2026-07-17T14:48:11 AEST,0
2026-07-17T14:57:14 AEST,0
2026-07-17T15:57:15 AEST,0
2026-07-17T16:57:14 AEST,0
2026-07-17T17:05:55 AEST,0
2026-07-17T17:57:15 AEST,0
2026-07-17T18:57:14 AEST,0
2026-07-17T19:31:09 AEST,0
2026-07-17T19:57:15 AEST,0
2026-07-17T20:57:16 AEST,0
2026-07-17T21:10:20 AEST,0
2026-07-17T21:57:16 AEST,0
2026-07-17T22:53:08 AEST,0
2026-07-17T22:57:14 AEST,0
2026-07-17T23:57:14 AEST,0
2026-07-18T00:25:45 AEST,0
2026-07-18T00:57:18 AEST,0
2026-07-18T01:57:15 AEST,0
2026-07-18T02:04:26 AEST,0
2026-07-18T02:57:16 AEST,0
2026-07-18T03:52:17 AEST,0
2026-07-18T03:57:16 AEST,0
2026-07-18T04:51:48 AEST,0
2026-07-18T04:57:14 AEST,0
2026-07-18T05:56:38 AEST,0
2026-07-18T05:57:14 AEST,0
2026-07-18T06:57:15 AEST,0
2026-07-18T07:37:08 AEST,0
2026-07-18T07:57:14 AEST,0
2026-07-18T08:34:22 AEST,0
2026-07-18T08:57:15 AEST,0
2026-07-18T09:38:05 AEST,0
2026-07-18T09:57:15 AEST,0
2026-07-18T10:57:16 AEST,0
2026-07-18T11:08:05 AEST,0
2026-07-18T11:57:15 AEST,0
2026-07-18T12:57:14 AEST,0
2026-07-18T13:57:14 AEST,0
2026-07-18T14:33:39 AEST,0
2026-07-18T14:57:15 AEST,0
2026-07-18T15:57:13 AEST,0
2026-07-18T16:49:59 AEST,0
2026-07-18T16:57:15 AEST,0
2026-07-18T17:57:14 AEST,0
2026-07-18T18:27:43 AEST,0
2026-07-18T18:57:14 AEST,0
2026-07-18T19:57:13 AEST,0
2026-07-18T20:04:59 AEST,0
2026-07-18T20:57:15 AEST,0
2026-07-18T21:39:37 AEST,0
2026-07-18T21:57:13 AEST,0
2026-07-18T22:40:22 AEST,0
2026-07-18T22:57:14 AEST,0
2026-07-18T23:57:16 AEST,0
2026-07-19T00:11:48 AEST,0
2026-07-19T00:57:15 AEST,0
2026-07-19T01:40:38 AEST,0
2026-07-19T01:57:16 AEST,0
2026-07-19T02:39:25 AEST,0
2026-07-19T02:57:15 AEST,0
2026-07-19T03:42:46 AEST,0
2026-07-19T03:57:14 AEST,0
2026-07-19T04:39:50 AEST,0
2026-07-19T04:57:14 AEST,0
2026-07-19T05:55:30 AEST,0
2026-07-19T05:57:15 AEST,0
2026-07-19T06:57:15 AEST,0
2026-07-19T07:36:30 AEST,0
2026-07-19T07:57:15 AEST,0
2026-07-19T08:33:53 AEST,0
2026-07-19T08:57:14 AEST,0
2026-07-19T09:37:52 AEST,0
2026-07-19T09:57:16 AEST,0
2026-07-19T10:57:14 AEST,0
2026-07-19T11:12:13 AEST,0
2026-07-19T11:57:15 AEST,0
2026-07-19T12:57:16 AEST,0
2026-07-19T13:57:14 AEST,0
2026-07-19T14:56:20 AEST,0
2026-07-19T14:57:15 AEST,0
2026-07-19T15:57:14 AEST,0
2026-07-19T16:57:14 AEST,0
2026-07-19T17:51:36 AEST,0
2026-07-19T17:57:14 AEST,0
2026-07-19T18:57:16 AEST,0
2026-07-19T19:41:26 AEST,0
2026-07-19T19:57:13 AEST,0
2026-07-19T20:57:16 AEST,0
2026-07-19T21:00:05 AEST,0
2026-07-19T21:57:15 AEST,0
2026-07-19T22:41:40 AEST,0
2026-07-19T22:57:14 AEST,0
2026-07-19T23:57:14 AEST,0
2026-07-20T00:16:05 AEST,0
2026-07-20T00:57:14 AEST,0
2026-07-20T01:41:59 AEST,0
2026-07-20T01:57:15 AEST,0
2026-07-20T02:39:14 AEST,0
2026-07-20T02:57:14 AEST,0
2026-07-20T03:44:16 AEST,0
2026-07-20T03:57:16 AEST,0
2026-07-20T04:42:01 AEST,0
2026-07-20T04:57:16 AEST,0
2026-07-20T05:57:14 AEST,0
2026-07-20T05:58:31 AEST,0
2026-07-20T06:57:14 AEST,0
2026-07-20T07:37:25 AEST,0
2026-07-20T07:57:16 AEST,0
2026-07-20T08:36:44 AEST,0
2026-07-20T08:57:14 AEST,0
2026-07-20T09:42:03 AEST,0
2026-07-20T09:57:18 AEST,0
2026-07-20T11:16:06 AEST,0
2026-07-20T11:57:14 AEST,0
2026-07-20T12:57:15 AEST,0
2026-07-20T13:57:14 AEST,0
2026-07-20T14:57:13 AEST,0
2026-07-20T15:23:37 AEST,0
2026-07-20T15:57:15 AEST,0
2026-07-20T16:57:15 AEST,0
2026-07-20T17:57:14 AEST,0
2026-07-20T18:29:50 AEST,0
2026-07-20T18:57:14 AEST,0
2026-07-20T19:57:14 AEST,0
2026-07-20T20:57:14 AEST,0
2026-07-20T21:30:18 AEST,0
2026-07-20T21:57:16 AEST,0
2026-07-20T22:57:15 AEST,0
2026-07-20T23:30:26 AEST,0
2026-07-20T23:57:14 AEST,0
2026-07-21T00:57:18 AEST,0
2026-07-21T01:40:48 AEST,0
2026-07-21T01:57:17 AEST,0
2026-07-21T02:57:16 AEST,0
2026-07-21T03:11:05 AEST,0
2026-07-21T03:57:16 AEST,0
2026-07-21T04:57:16 AEST,0
2026-07-21T05:17:32 AEST,0
2026-07-21T05:57:15 AEST,0
2026-07-21T06:55:42 AEST,0
2026-07-21T06:57:15 AEST,0
2026-07-21T07:57:16 AEST,0
2026-07-21T08:41:43 AEST,0
2026-07-21T08:57:14 AEST,0
2026-07-21T09:43:06 AEST,0
2026-07-21T09:57:14 AEST,0
2026-07-21T10:57:16 AEST,0
2026-07-21T11:13:13 AEST,0
2026-07-21T11:57:15 AEST,0
2026-07-21T12:57:15 AEST,0
2026-07-21T13:57:14 AEST,0
2026-07-21T14:53:00 AEST,0
2026-07-21T14:57:15 AEST,0
2026-07-21T15:57:15 AEST,0
2026-07-21T16:57:15 AEST,0
2026-07-21T17:28:16 AEST,0
2026-07-21T17:57:16 AEST,0
2026-07-21T18:57:14 AEST,0
2026-07-21T19:57:14 AEST,0
2026-07-21T20:09:00 AEST,0
2026-07-21T20:57:15 AEST,0
2026-07-21T21:57:14 AEST,0
2026-07-21T22:15:04 AEST,0
2026-07-21T22:57:16 AEST,0
2026-07-21T23:57:16 AEST,0
2026-07-22T00:51:02 AEST,0
2026-07-22T00:57:16 AEST,0
2026-07-22T01:57:16 AEST,0
2026-07-22T02:10:34 AEST,0
2026-07-22T02:57:15 AEST,0
2026-07-22T03:57:16 AEST,0
2026-07-22T04:04:03 AEST,0
2026-07-22T04:57:15 AEST,0
2026-07-22T05:57:15 AEST,0
2026-07-22T06:08:18 AEST,0
2026-07-22T06:57:15 AEST,0
2026-07-22T07:49:09 AEST,0
2026-07-22T07:57:15 AEST,0
2026-07-22T08:40:37 AEST,0
2026-07-22T08:57:16 AEST,0
2026-07-22T09:43:14 AEST,0
2026-07-22T09:57:13 AEST,0
2026-07-22T10:57:15 AEST,0
2026-07-22T11:11:23 AEST,0
2026-07-22T11:57:15 AEST,0
2026-07-22T12:57:15 AEST,0
2026-07-22T13:57:14 AEST,0
2026-07-22T14:52:48 AEST,0
2026-07-22T14:57:15 AEST,0
2026-07-22T15:57:13 AEST,0
2026-07-22T16:57:16 AEST,0
2026-07-22T17:29:36 AEST,0
2026-07-22T17:57:14 AEST,0
2026-07-22T18:57:14 AEST,0
2026-07-22T19:57:14 AEST,0
2026-07-22T20:08:21 AEST,0
2026-07-22T20:57:14 AEST,0
2026-07-22T21:57:14 AEST,0
2026-07-22T22:17:41 AEST,0
2026-07-22T22:57:14 AEST,0
2026-07-22T23:57:17 AEST,0
2026-07-23T00:49:15 AEST,0
2026-07-23T00:57:14 AEST,0
2026-07-23T01:57:18 AEST,0
2026-07-23T02:09:54 AEST,0
2026-07-23T02:57:15 AEST,0
2026-07-23T03:57:15 AEST,0
2026-07-23T04:57:15 AEST,0
2026-07-23T05:57:14 AEST,0
2026-07-23T06:02:50 AEST,0
2026-07-23T07:07:15 AEST,0
2026-07-23T07:54:15 AEST,0
2026-07-23T07:57:14 AEST,0
2026-07-23T08:46:20 AEST,0
2026-07-23T08:57:13 AEST,0
2026-07-23T09:48:02 AEST,0
2026-07-23T09:57:14 AEST,0
2026-07-23T10:57:14 AEST,0
2026-07-23T11:18:33 AEST,0
2026-07-23T11:57:15 AEST,0
2026-07-23T12:57:15 AEST,0
2026-07-23T13:57:14 AEST,0
2026-07-23T14:57:15 AEST,0
2026-07-23T14:58:38 AEST,0
2026-07-23T15:57:13 AEST,0
2026-07-23T16:57:14 AEST,0
2026-07-23T17:57:15 AEST,0
2026-07-23T18:03:39 AEST,0
2026-07-23T18:57:15 AEST,0
2026-07-23T19:57:13 AEST,0
2026-07-23T20:54:13 AEST,0
2026-07-23T20:57:14 AEST,0
2026-07-23T21:57:16 AEST,0
2026-07-23T22:20:33 AEST,0
2026-07-23T22:57:15 AEST,0
2026-07-23T23:57:15 AEST,0
2026-07-24T00:56:01 AEST,0
2026-07-24T00:57:16 AEST,0
2026-07-24T01:57:18 AEST,0
2026-07-24T02:57:15 AEST,0
2026-07-24T03:05:51 AEST,0
2026-07-24T03:57:14 AEST,0
2026-07-24T04:53:37 AEST,0
2026-07-24T04:57:14 AEST,0
2026-07-24T05:57:14 AEST,0
2026-07-24T06:08:23 AEST,0
2026-07-24T06:57:16 AEST,0
2026-07-24T07:51:03 AEST,0
2026-07-24T07:57:17 AEST,0
2026-07-24T08:42:30 AEST,0
2026-07-24T08:57:15 AEST,0
2026-07-24T09:43:35 AEST,0
2026-07-24T09:57:16 AEST,0
2026-07-24T10:57:15 AEST,0
2026-07-24T11:14:39 AEST,0
2026-07-24T11:57:14 AEST,0
2026-07-24T12:57:15 AEST,0
2026-07-24T13:57:15 AEST,0
2026-07-24T14:54:41 AEST,0
2026-07-24T14:57:13 AEST,0
2026-07-24T15:57:14 AEST,0
2026-07-24T16:57:13 AEST,0
2026-07-24T17:28:05 AEST,0
2026-07-24T17:57:16 AEST,0
2026-07-24T18:57:17 AEST,0
2026-07-24T19:57:13 AEST,0
2026-07-24T20:01:31 AEST,0
2026-07-24T20:57:16 AEST,0
2026-07-24T21:57:14 AEST,0
2026-07-24T22:08:18 AEST,0
2026-07-24T22:57:15 AEST,0
2026-07-24T23:57:15 AEST,0
2026-07-25T00:29:03 AEST,0
2026-07-25T00:57:15 AEST,0
2026-07-25T01:57:21 AEST,0
2026-07-25T02:57:15 AEST,0
2026-07-25T03:57:15 AEST,0
2026-07-25T04:07:05 AEST,0
2026-07-25T04:57:14 AEST,0
2026-07-25T05:57:15 AEST,0
2026-07-25T06:05:53 AEST,0
2026-07-25T06:57:15 AEST,0
2026-07-25T07:49:54 AEST,0
2026-07-25T07:57:13 AEST,0
2026-07-25T08:45:51 AEST,0
2026-07-25T08:57:16 AEST,0
2026-07-25T09:50:22 AEST,0
2026-07-25T09:57:13 AEST,0
2026-07-25T10:57:15 AEST,0
2026-07-25T11:15:37 AEST,0
2026-07-25T11:57:14 AEST,0
2026-07-25T12:57:13 AEST,0
2026-07-25T13:57:15 AEST,0
2026-07-25T14:52:18 AEST,0
2026-07-25T14:57:13 AEST,0
2026-07-25T15:57:13 AEST,0
2026-07-25T16:57:13 AEST,0
2026-07-25T17:05:37 AEST,0
2026-07-25T17:57:12 AEST,0
2026-07-25T18:57:14 AEST,0
2026-07-25T19:22:06 AEST,0
2026-07-25T19:57:15 AEST,0
2026-07-25T20:57:14 AEST,0
2026-07-25T20:57:26 AEST,0
2026-07-25T21:57:14 AEST,0
2026-07-25T22:51:05 AEST,0
2026-07-25T22:57:14 AEST,0
2026-07-25T23:57:15 AEST,0
2026-07-26T00:23:30 AEST,0
2026-07-26T00:57:16 AEST,0
2026-07-26T01:52:01 AEST,0
2026-07-26T01:57:16 AEST,0
2026-07-26T02:43:28 AEST,0
2026-07-26T02:57:14 AEST,0
2026-07-26T03:44:20 AEST,0
2026-07-26T03:57:15 AEST,0
2026-07-26T04:42:59 AEST,0
2026-07-26T04:57:14 AEST,0
2026-07-26T05:57:16 AEST,0
2026-07-26T06:01:48 AEST,0
2026-07-26T06:57:15 AEST,0
2026-07-26T07:39:56 AEST,0
2026-07-26T07:57:16 AEST,0
2026-07-26T08:39:59 AEST,0
2026-07-26T08:57:16 AEST,0
2026-07-26T09:45:37 AEST,0
2026-07-26T09:57:14 AEST,0
2026-07-26T10:57:14 AEST,0
2026-07-26T11:18:27 AEST,0
2026-07-26T11:57:15 AEST,0
2026-07-26T12:57:14 AEST,0
2026-07-26T13:57:14 AEST,0
2026-07-26T14:57:15 AEST,0
2026-07-26T15:16:44 AEST,0
2026-07-26T15:57:14 AEST,0
2026-07-26T16:57:16 AEST,0
2026-07-26T17:57:14 AEST,0
2026-07-26T17:58:51 AEST,0
2026-07-26T18:57:13 AEST,0
2026-07-26T19:57:14 AEST,0
2026-07-26T20:24:48 AEST,0
2026-07-26T20:57:14 AEST,0
2026-07-26T21:51:02 AEST,0
2026-07-26T21:57:14 AEST,0
2026-07-26T22:47:44 AEST,0
2026-07-26T22:57:16 AEST,0
2026-07-26T23:57:13 AEST,0
2026-07-27T00:19:41 AEST,0
2026-07-27T00:57:15 AEST,0
2026-07-27T01:49:31 AEST,0
2026-07-27T01:57:26 AEST,0
2026-07-27T02:40:42 AEST,0
2026-07-27T02:57:14 AEST,0
2026-07-27T03:48:25 AEST,0
2026-07-27T03:57:15 AEST,0
2026-07-27T04:46:11 AEST,0
2026-07-27T04:57:14 AEST,0
2026-07-27T05:57:14 AEST,0
2026-07-27T06:00:10 AEST,0
2026-07-27T06:57:13 AEST,0
2026-07-27T07:43:44 AEST,0
2026-07-27T07:57:14 AEST,0
2026-07-27T08:44:22 AEST,0
2026-07-27T08:57:14 AEST,0
2026-07-27T09:45:45 AEST,0
2026-07-27T09:57:15 AEST,0
2026-07-27T10:57:15 AEST,0
2026-07-27T11:22:50 AEST,0
2026-07-27T11:57:13 AEST,0
2026-07-27T12:57:14 AEST,0
2026-07-27T13:57:14 AEST,0
2026-07-27T14:57:14 AEST,0
2026-07-27T15:33:01 AEST,0
2026-07-27T15:57:15 AEST,0
2026-07-27T16:57:13 AEST,0
2026-07-27T17:57:15 AEST,0
2026-07-27T18:57:16 AEST,0
2026-07-27T18:58:46 AEST,0
2026-07-27T19:57:14 AEST,0
2026-07-27T20:57:14 AEST,0
2026-07-27T21:57:14 AEST,0
2026-07-27T22:45:39 AEST,0
2026-07-27T22:57:15 AEST,0
2026-07-27T23:57:17 AEST,0
2026-07-28T00:57:17 AEST,0
2026-07-28T01:32:41 AEST,0
2026-07-28T01:57:16 AEST,0
2026-07-28T02:57:16 AEST,0
2026-07-28T03:24:55 AEST,0
2026-07-28T03:57:17 AEST,0
2026-07-28T04:57:15 AEST,0
2026-07-28T05:03:26 AEST,0
2026-07-28T05:57:21 AEST,0
2026-07-28T06:56:25 AEST,0
2026-07-28T06:57:14 AEST,0
2026-07-28T07:57:22 AEST,0
2026-07-28T08:45:06 AEST,0
2026-07-28T08:57:21 AEST,0
2026-07-28T09:50:31 AEST,0
2026-07-28T09:57:14 AEST,0
2026-07-28T10:57:14 AEST,0
2026-07-28T11:10:33 AEST,0
2026-07-28T11:57:15 AEST,0
2026-07-28T12:57:15 AEST,0
2026-07-28T13:57:16 AEST,0
2026-07-28T14:48:21 AEST,0
2026-07-28T14:57:15 AEST,0
2026-07-28T15:57:14 AEST,0
2026-07-28T16:57:21 AEST,0
2026-07-28T17:26:59 AEST,0
2026-07-28T17:57:20 AEST,0
2026-07-28T18:57:16 AEST,0
2026-07-28T19:57:15 AEST,0
2026-07-28T20:16:05 AEST,0
2026-07-28T20:57:15 AEST,0
2026-07-28T21:57:18 AEST,0
2026-07-28T22:26:51 AEST,0
2026-07-28T22:57:14 AEST,0
2026-07-28T23:57:26 AEST,0
2026-07-29T00:57:20 AEST,0
2026-07-29T01:07:28 AEST,0
2026-07-29T01:57:17 AEST,0
2026-07-29T02:57:15 AEST,0
2026-07-29T03:13:52 AEST,0
2026-07-29T03:57:23 AEST,0
2026-07-29T04:57:15 AEST,0
2026-07-29T04:58:55 AEST,0
2026-07-29T05:57:23 AEST,0
2026-07-29T06:54:11 AEST,0
2026-07-29T06:57:23 AEST,0
2026-07-29T07:56:58 AEST,0
2026-07-29T07:57:17 AEST,0
2026-07-29T08:57:21 AEST,0
2026-07-29T09:45:18 AEST,0
2026-07-29T09:57:20 AEST,0
2026-07-29T10:57:17 AEST,0
2026-07-29T11:13:48 AEST,0
2026-07-29T11:57:14 AEST,0
2026-07-29T12:57:20 AEST,0
2026-07-29T13:57:16 AEST,0
2026-07-29T14:53:15 AEST,0
2026-07-29T14:57:14 AEST,0
2026-07-29T15:57:14 AEST,0
2026-07-29T16:57:13 AEST,0
2026-07-29T17:37:36 AEST,0
2026-07-29T17:57:15 AEST,0
2026-07-29T18:57:16 AEST,0
2026-07-29T19:57:15 AEST,0
2026-07-29T20:21:43 AEST,0
2026-07-29T20:57:21 AEST,0
2026-07-29T21:57:16 AEST,0
2026-07-29T22:51:58 AEST,0
2026-07-29T22:57:18 AEST,0
2026-07-29T23:57:22 AEST,0
2026-07-30T00:57:15 AEST,0
2026-07-30T01:02:59 AEST,0
2026-07-30T01:57:17 AEST,0
2026-07-30T02:57:15 AEST,0
2026-07-30T02:59:15 AEST,0
2026-07-30T03:57:15 AEST,0
2026-07-30T04:44:48 AEST,0
2026-07-30T04:57:19 AEST,0
2026-07-30T05:57:15 AEST,0
2026-07-30T06:04:03 AEST,0
2026-07-30T06:57:13 AEST,0
2026-07-30T07:42:28 AEST,0
2026-07-30T07:57:17 AEST,0
2026-07-30T08:43:25 AEST,0
2026-07-30T08:57:15 AEST,0
2026-07-30T09:48:01 AEST,0
2026-07-30T09:57:14 AEST,0
2026-07-30T10:57:14 AEST,0
2026-07-30T11:06:27 AEST,0
2026-07-30T11:57:14 AEST,0
2026-07-30T12:57:23 AEST,0
2026-07-30T13:57:13 AEST,0
2026-07-30T14:41:03 AEST,0
2026-07-30T14:57:14 AEST,0
2026-07-30T15:57:21 AEST,0
2026-07-30T16:57:14 AEST,0
2026-07-30T17:23:20 AEST,0
2026-07-30T17:57:21 AEST,0
2026-07-30T18:57:14 AEST,0
2026-07-30T19:57:15 AEST,0
2026-07-30T20:06:20 AEST,0
2026-07-30T20:57:15 AEST,0
2026-07-30T21:57:14 AEST,0
2026-07-30T22:18:54 AEST,0
2026-07-30T22:57:15 AEST,0
2026-07-30T23:57:16 AEST,0
2026-07-31T00:56:44 AEST,0
2026-07-31T00:57:17 AEST,0
2026-07-31T01:57:23 AEST,0
2026-07-31T02:57:15 AEST,0
2026-07-31T03:10:42 AEST,0
2026-07-31T03:57:22 AEST,0
2026-07-31T04:57:15 AEST,0
2026-07-31T05:03:16 AEST,0
2026-07-31T05:57:21 AEST,0
2026-07-31T06:51:06 AEST,0
2026-07-31T06:57:14 AEST,0
2026-07-31T07:54:23 AEST,0
2026-07-31T07:57:13 AEST,0
2026-07-31T08:57:21 AEST,0
2026-07-31T09:00:30 AEST,0
2026-07-31T09:57:16 AEST,0
2026-07-31T10:57:14 AEST,0
2026-07-31T11:18:47 AEST,0
2026-07-31T11:57:15 AEST,0
2026-07-31T12:57:15 AEST,0
2026-07-31T13:57:14 AEST,0
2026-07-31T14:57:15 AEST,0
2026-07-31T15:18:41 AEST,0
2026-07-31T15:57:20 AEST,0
2026-07-31T16:57:15 AEST,0
2026-07-31T17:57:15 AEST,0
2026-07-31T18:23:36 AEST,0
2026-07-31T18:57:14 AEST,0
2026-07-31T19:57:14 AEST,0
2026-07-31T20:57:15 AEST,0
2026-07-31T21:13:38 AEST,0
2026-07-31T21:57:23 AEST,0
2026-07-31T22:57:15 AEST,0
2026-07-31T23:20:49 AEST,0
2026-07-31T23:57:16 AEST,0
2026-08-01T00:57:24 AEST,0
2026-08-01T01:49:58 AEST,0
2026-08-01T01:57:20 AEST,0
2026-08-01T02:57:15 AEST,0
2026-08-01T03:13:17 AEST,0
2026-08-01T03:57:17 AEST,0
2026-08-01T04:57:21 AEST,0
2026-08-01T04:59:20 AEST,0
2026-08-01T05:57:18 AEST,0
2026-08-01T06:47:57 AEST,0
2026-08-01T06:57:18 AEST,0
2026-08-01T07:53:02 AEST,0
2026-08-01T07:57:15 AEST,0
2026-08-01T08:52:38 AEST,0
2026-08-01T08:57:14 AEST,0
2026-08-01T09:52:52 AEST,0
2026-08-01T09:57:14 AEST,0
2026-08-01T10:57:14 AEST,0
2026-08-01T11:57:22 AEST,0
2026-08-01T11:58:08 AEST,0
2026-08-01T12:57:18 AEST,0
2026-08-01T13:57:20 AEST,0
2026-08-01T14:57:14 AEST,0
2026-08-01T15:42:46 AEST,0
2026-08-01T15:57:15 AEST,0
2026-08-01T16:57:20 AEST,0
2026-08-01T17:53:29 AEST,0
2026-08-01T17:57:14 AEST,0
2026-08-01T18:57:16 AEST,0
2026-08-01T19:51:29 AEST,0
2026-08-01T19:57:15 AEST,0
2026-08-01T20:57:23 AEST,0
2026-08-01T21:08:39 AEST,0
2026-08-01T21:57:16 AEST,0
2026-08-01T22:43:48 AEST,0
2026-08-01T22:57:14 AEST,0
2026-08-01T23:57:15 AEST,0
2026-08-02T00:17:32 AEST,0
2026-08-02T00:57:21 AEST,0
2026-08-02T01:46:47 AEST,0
2026-08-02T01:57:14 AEST,0
2026-08-02T02:42:05 AEST,0
2026-08-02T02:57:15 AEST,0
2026-08-02T03:46:47 AEST,0
2026-08-02T03:57:20 AEST,0
2026-08-02T04:44:57 AEST,0
2026-08-02T04:57:14 AEST,0
2026-08-02T05:57:21 AEST,0
2026-08-02T06:01:31 AEST,0
2026-08-02T06:57:15 AEST,0
2026-08-02T07:39:47 AEST,0
2026-08-02T07:57:15 AEST,0
2026-08-02T08:40:32 AEST,0
2026-08-02T08:57:27 AEST,0
2026-08-02T09:43:56 AEST,0
2026-08-02T09:57:20 AEST,0
2026-08-02T10:57:17 AEST,0
2026-08-02T11:17:56 AEST,0
2026-08-02T11:57:15 AEST,0
2026-08-02T12:57:15 AEST,0
2026-08-02T13:57:15 AEST,0
2026-08-02T14:57:20 AEST,0
2026-08-02T15:02:45 AEST,0
2026-08-02T15:57:21 AEST,0
2026-08-02T16:57:15 AEST,0
2026-08-02T17:55:55 AEST,0
2026-08-02T17:57:21 AEST,0
2026-08-02T18:57:14 AEST,0
2026-08-02T19:57:16 AEST,0
2026-08-02T20:22:10 AEST,0
2026-08-02T20:57:15 AEST,0
2026-08-02T21:49:04 AEST,0
2026-08-02T21:57:13 AEST,0
2026-08-02T22:45:55 AEST,0
2026-08-02T22:57:14 AEST,0
2026-08-02T23:57:17 AEST,0
2026-08-03T00:18:46 AEST,0
2026-08-03T00:57:14 AEST,0
2026-08-03T01:47:31 AEST,0
2026-08-03T01:57:21 AEST,0
2026-08-03T02:40:56 AEST,0
2026-08-03T02:57:15 AEST,0
2026-08-03T03:46:40 AEST,0
2026-08-03T03:57:13 AEST,0
2026-08-03T04:45:23 AEST,0
2026-08-03T04:57:16 AEST,0
2026-08-03T05:57:21 AEST,0
2026-08-03T06:01:25 AEST,0
2026-08-03T06:57:14 AEST,0
2026-08-03T07:40:39 AEST,0
2026-08-03T07:57:14 AEST,0
2026-08-03T08:41:06 AEST,0
2026-08-03T08:57:15 AEST,0
2026-08-03T09:45:10 AEST,0
2026-08-03T09:57:14 AEST,0
2026-08-03T10:57:14 AEST,0
2026-08-03T11:18:26 AEST,0
2026-08-03T11:57:20 AEST,0
2026-08-03T12:57:13 AEST,0
2026-08-03T13:57:15 AEST,0
2026-08-03T14:57:15 AEST,0
2026-08-03T15:23:35 AEST,0
2026-08-03T15:57:21 AEST,0
2026-08-03T16:57:14 AEST,0
2026-08-03T17:57:50 AEST,0
2026-08-03T18:51:39 AEST,0
2026-08-03T18:57:54 AEST,0
2026-08-03T19:57:15 AEST,0
2026-08-03T20:57:18 AEST,0
2026-08-03T21:57:21 AEST,0
2026-08-03T22:09:49 AEST,0
2026-08-03T22:57:15 AEST,0
2026-08-03T23:57:24 AEST,0
2026-08-04T00:57:21 AEST,0
2026-08-04T01:32:39 AEST,0
2026-08-04T01:57:17 AEST,0
2026-08-04T02:57:22 AEST,0
2026-08-04T03:30:05 AEST,0
2026-08-04T03:57:15 AEST,0
2026-08-04T04:57:22 AEST,0
2026-08-04T05:11:16 AEST,0
2026-08-04T05:57:24 AEST,0
2026-08-04T06:48:24 AEST,0
2026-08-04T06:57:22 AEST,0
2026-08-04T07:53:34 AEST,0
2026-08-04T07:57:14 AEST,0
2026-08-04T08:54:26 AEST,0
2026-08-04T08:57:14 AEST,0
2026-08-04T09:57:20 AEST,0
2026-08-04T10:04:20 AEST,0
2026-08-04T10:57:21 AEST,0
2026-08-04T11:57:15 AEST,0
2026-08-04T12:57:14 AEST,0
2026-08-04T13:55:16 AEST,0
2026-08-04T13:57:35 AEST,0
2026-08-04T14:57:16 AEST,0
2026-08-04T15:57:15 AEST,0
2026-08-04T16:57:14 AEST,0
2026-08-04T17:27:04 AEST,0
2026-08-04T17:57:15 AEST,0
2026-08-04T18:57:15 AEST,0
2026-08-04T19:57:16 AEST,0
2026-08-04T20:21:37 AEST,0
2026-08-04T20:57:16 AEST,0
2026-08-04T21:57:16 AEST,0
2026-08-04T22:49:26 AEST,0
2026-08-04T22:57:16 AEST,0
2026-08-04T23:57:16 AEST,0
2026-08-05T00:57:17 AEST,0
2026-08-05T01:11:55 AEST,0
2026-08-05T01:57:16 AEST,0
2026-08-05T02:57:22 AEST,0
2026-08-05T03:24:53 AEST,0
2026-08-05T03:57:18 AEST,0
2026-08-05T04:57:17 AEST,0
2026-08-05T05:13:07 AEST,0
2026-08-05T05:57:16 AEST,0
2026-08-05T06:57:21 AEST,0
2026-08-05T06:57:32 AEST,0
2026-08-05T07:57:18 AEST,0
2026-08-05T08:48:39 AEST,0
2026-08-05T08:57:16 AEST,0
2026-08-05T09:49:10 AEST,0
2026-08-05T09:57:15 AEST,0
2026-08-05T10:57:22 AEST,0
2026-08-05T11:10:41 AEST,0
2026-08-05T11:57:15 AEST,0
2026-08-05T12:57:15 AEST,0
2026-08-05T13:57:15 AEST,0
2026-08-05T14:48:59 AEST,0
2026-08-05T14:57:15 AEST,0
2026-08-05T15:57:15 AEST,0
2026-08-05T16:57:15 AEST,0
2026-08-05T17:27:47 AEST,0
2026-08-05T17:57:14 AEST,0
2026-08-05T18:57:15 AEST,0
2026-08-05T19:57:15 AEST,0
2026-08-05T20:17:40 AEST,0
2026-08-05T20:57:20 AEST,0
2026-08-05T21:57:15 AEST,0
2026-08-05T22:28:55 AEST,0
2026-08-05T22:57:21 AEST,0
2026-08-05T23:57:21 AEST,0
2026-08-06T00:57:21 AEST,0
2026-08-06T01:03:59 AEST,0
2026-08-06T01:57:16 AEST,0
2026-08-06T02:57:16 AEST,0
2026-08-06T03:14:02 AEST,0
2026-08-06T03:57:20 AEST,0
2026-08-06T04:57:16 AEST,0
2026-08-06T05:06:05 AEST,0
2026-08-06T05:57:18 AEST,0
2026-08-06T06:49:42 AEST,0
2026-08-06T06:57:23 AEST,0
2026-08-06T07:57:23 AEST,0
2026-08-06T08:01:05 AEST,0
2026-08-06T08:57:15 AEST,0
2026-08-06T09:42:28 AEST,0
2026-08-06T09:57:15 AEST,0
2026-08-06T10:57:21 AEST,0
2026-08-06T11:08:36 AEST,0
2026-08-06T11:57:14 AEST,0
2026-08-06T12:57:16 AEST,0
2026-08-06T13:57:23 AEST,0
2026-08-06T14:49:32 AEST,0
2026-08-06T14:57:22 AEST,0
2026-08-06T15:57:15 AEST,0
2026-08-06T16:57:17 AEST,0
2026-08-06T17:28:21 AEST,0
2026-08-06T17:57:22 AEST,0
2026-08-06T18:57:16 AEST,0
2026-08-06T19:57:18 AEST,0
2026-08-06T20:19:23 AEST,0
2026-08-06T20:57:23 AEST,0
2026-08-06T21:57:22 AEST,0
2026-08-06T22:46:36 AEST,0
2026-08-06T22:57:16 AEST,0
2026-08-06T23:57:15 AEST,0
2026-08-07T00:57:15 AEST,0
2026-08-07T01:01:47 AEST,0
2026-08-07T03:58:09 AEST,0
2026-08-07T06:57:17 AEST,0
2026-08-07T07:57:20 AEST,0
2026-08-07T08:34:05 AEST,0
2026-08-07T08:57:16 AEST,0
2026-08-07T09:57:23 AEST,0
2026-08-07T10:57:18 AEST,0
2026-08-07T11:37:57 AEST,0
2026-08-07T11:57:16 AEST,0
2026-08-07T12:57:15 AEST,0
2026-08-07T13:57:22 AEST,0
2026-08-07T14:15:01 AEST,0
2026-08-07T14:57:14 AEST,0
2026-08-07T15:57:17 AEST,0
2026-08-07T16:00:50 AEST,0
2026-08-07T16:57:16 AEST,0
2026-08-07T17:57:21 AEST,0
2026-08-07T18:01:38 AEST,0
2026-08-07T18:57:16 AEST,0
2026-08-07T19:45:07 AEST,0
2026-08-07T19:57:24 AEST,0
2026-08-07T20:38:09 AEST,0
2026-08-07T20:57:20 AEST,0
2026-08-07T21:34:26 AEST,0
2026-08-07T21:57:15 AEST,0
2026-08-07T22:31:34 AEST,0
2026-08-07T22:57:20 AEST,0
2026-08-07T23:57:16 AEST,0
2026-08-08T00:01:48 AEST,0
2026-08-08T00:57:15 AEST,0
2026-08-08T01:39:21 AEST,0
2026-08-08T01:57:19 AEST,0
2026-08-08T02:36:59 AEST,0
2026-08-08T02:57:14 AEST,0
2026-08-08T03:36:28 AEST,0
2026-08-08T03:57:16 AEST,0
2026-08-08T04:33:12 AEST,0
2026-08-08T04:57:15 AEST,0
2026-08-08T05:40:36 AEST,0
2026-08-08T05:57:46 AEST,0
2026-08-08T06:24:26 AEST,0
2026-08-08T06:57:15 AEST,0
2026-08-08T07:23:55 AEST,0
2026-08-08T07:57:17 AEST,0
2026-08-08T08:21:16 AEST,0
2026-08-08T08:57:16 AEST,0
2026-08-08T09:20:44 AEST,0
2026-08-08T09:57:21 AEST,0
2026-08-08T10:35:19 AEST,0
2026-08-08T10:57:15 AEST,0
2026-08-08T11:57:16 AEST,0
2026-08-08T12:45:40 AEST,0
2026-08-08T12:57:15 AEST,0
2026-08-08T13:57:15 AEST,0
2026-08-08T13:59:16 AEST,0
2026-08-08T14:57:16 AEST,0
2026-08-08T15:31:44 AEST,0
2026-08-08T15:57:15 AEST,0
2026-08-08T16:26:23 AEST,0
2026-08-08T16:57:14 AEST,0
2026-08-08T17:36:47 AEST,0
2026-08-08T17:57:15 AEST,0
2026-08-08T18:22:58 AEST,0
2026-08-08T18:57:15 AEST,0
2026-08-08T19:22:51 AEST,0
2026-08-08T19:57:15 AEST,0
2026-08-08T20:16:24 AEST,0
2026-08-08T20:57:15 AEST,0
2026-08-08T21:15:40 AEST,0
2026-08-08T21:57:15 AEST,0
2026-08-08T22:17:37 AEST,0
2026-08-08T22:57:20 AEST,0
2026-08-08T23:34:51 AEST,0
2026-08-08T23:57:14 AEST,0
2026-08-09T00:19:09 AEST,0
2026-08-09T00:57:16 AEST,0
2026-08-09T01:14:25 AEST,0
2026-08-09T01:57:13 AEST,0
2026-08-09T02:15:21 AEST,0
2026-08-09T02:57:21 AEST,0
2026-08-09T03:17:11 AEST,0
2026-08-09T03:57:15 AEST,0
2026-08-09T04:16:19 AEST,0
2026-08-09T04:57:15 AEST,0
2026-08-09T05:18:07 AEST,0
2026-08-09T05:57:21 AEST,0
2026-08-09T06:12:47 AEST,0
2026-08-09T06:57:16 AEST,0
2026-08-09T07:15:17 AEST,0
2026-08-09T07:57:22 AEST,0
2026-08-09T08:13:00 AEST,0
2026-08-09T08:57:15 AEST,0
2026-08-09T09:13:36 AEST,0
2026-08-09T09:57:15 AEST,0
2026-08-09T10:37:26 AEST,0
2026-08-09T10:57:15 AEST,0
2026-08-09T11:57:23 AEST,0
2026-08-09T12:53:11 AEST,0
2026-08-09T12:57:16 AEST,0
2026-08-09T13:57:16 AEST,0
2026-08-09T14:11:33 AEST,0
2026-08-09T14:57:14 AEST,0
2026-08-09T15:37:07 AEST,0
2026-08-09T15:57:16 AEST,0
2026-08-09T16:31:31 AEST,0
2026-08-09T16:57:15 AEST,0
2026-08-09T17:41:09 AEST,0
2026-08-09T17:57:14 AEST,0
2026-08-09T18:25:05 AEST,0
2026-08-09T18:57:15 AEST,0
2026-08-09T19:24:54 AEST,0
2026-08-09T19:57:15 AEST,0
2026-08-09T20:17:58 AEST,0
2026-08-09T20:57:15 AEST,0
2026-08-09T21:16:02 AEST,0
2026-08-09T21:57:15 AEST,0
2026-08-09T22:18:50 AEST,0
2026-08-09T22:57:16 AEST,0
2026-08-09T23:38:17 AEST,0
2026-08-09T23:57:14 AEST,0
2026-08-10T00:20:47 AEST,0
2026-08-10T00:57:15 AEST,0
2026-08-10T01:16:54 AEST,0
2026-08-10T01:57:15 AEST,0
2026-08-10T02:16:38 AEST,0
2026-08-10T02:57:16 AEST,0
2026-08-10T03:18:02 AEST,0
2026-08-10T03:57:15 AEST,0
2026-08-10T04:18:05 AEST,0
2026-08-10T04:57:17 AEST,0
2026-08-10T05:22:10 AEST,0
2026-08-10T05:57:22 AEST,0
2026-08-10T06:14:52 AEST,0
2026-08-10T06:57:17 AEST,0
2026-08-10T07:17:40 AEST,0
2026-08-10T07:57:15 AEST,0
2026-08-10T08:14:33 AEST,0
2026-08-10T08:57:16 AEST,0
2026-08-10T09:15:41 AEST,0
2026-08-10T09:57:15 AEST,0
2026-08-10T10:39:00 AEST,0
2026-08-10T10:57:17 AEST,0
2026-08-10T11:57:14 AEST,0
2026-08-10T12:57:16 AEST,0
2026-08-10T13:01:53 AEST,0
2026-08-10T13:57:16 AEST,0
2026-08-10T14:57:17 AEST,0
2026-08-10T15:11:25 AEST,0
2026-08-10T15:57:16 AEST,0
2026-08-10T16:57:15 AEST,0
2026-08-10T17:00:06 AEST,0
2026-08-10T17:57:14 AEST,0
2026-08-10T18:57:15 AEST,0
2026-08-10T19:02:05 AEST,0
2026-08-10T19:57:15 AEST,0
2026-08-10T20:52:14 AEST,0
2026-08-10T20:57:15 AEST,0
2026-08-10T21:40:57 AEST,0
2026-08-10T21:57:16 AEST,0
2026-08-10T22:35:09 AEST,0
2026-08-10T22:57:15 AEST,0
2026-08-10T23:57:15 AEST,0
2026-08-11T00:08:03 AEST,0
2026-08-11T00:57:23 AEST,0
2026-08-11T01:44:25 AEST,0
2026-08-11T01:57:14 AEST,0
2026-08-11T02:38:09 AEST,0
2026-08-11T02:57:16 AEST,0
2026-08-11T03:39:47 AEST,0
2026-08-11T03:57:15 AEST,0
2026-08-11T04:36:52 AEST,0
2026-08-11T04:57:23 AEST,0
2026-08-11T05:44:13 AEST,0
2026-08-11T05:57:24 AEST,0
2026-08-11T06:26:38 AEST,0
2026-08-11T06:57:27 AEST,0
2026-08-11T07:27:57 AEST,0
2026-08-11T07:57:17 AEST,0
2026-08-11T08:22:07 AEST,0
2026-08-11T08:57:15 AEST,0
2026-08-11T09:21:14 AEST,0
2026-08-11T09:57:15 AEST,0
2026-08-11T10:39:05 AEST,0
2026-08-11T10:57:15 AEST,0
2026-08-11T11:57:15 AEST,0
2026-08-11T12:55:31 AEST,0
2026-08-11T12:57:21 AEST,0
2026-08-11T13:57:16 AEST,0
2026-08-11T14:55:08 AEST,0
2026-08-11T14:57:14 AEST,0
2026-08-11T15:57:16 AEST,0
2026-08-11T16:39:54 AEST,0
2026-08-11T16:57:17 AEST,0
2026-08-11T17:57:15 AEST,0
2026-08-11T17:58:40 AEST,0
2026-08-11T18:57:16 AEST,0
2026-08-11T19:44:48 AEST,0
2026-08-11T19:57:16 AEST,0
2026-08-11T20:37:37 AEST,0
2026-08-11T20:57:15 AEST,0
2026-08-11T21:33:30 AEST,0
2026-08-11T21:57:15 AEST,0
2026-08-11T22:31:39 AEST,0
2026-08-11T22:57:16 AEST,0
2026-08-11T23:57:18 AEST,0
2026-08-12T00:08:02 AEST,0
2026-08-12T00:57:16 AEST,0
2026-08-12T01:44:27 AEST,0
2026-08-12T01:57:16 AEST,0
2026-08-12T02:41:20 AEST,0
2026-08-12T02:57:17 AEST,0
2026-08-12T03:44:25 AEST,0
2026-08-12T03:57:17 AEST,0
2026-08-12T04:40:30 AEST,0
2026-08-12T04:57:19 AEST,0
2026-08-12T05:50:33 AEST,0
2026-08-12T05:57:22 AEST,0
2026-08-12T06:28:52 AEST,0
2026-08-12T06:57:17 AEST,0
2026-08-12T07:31:07 AEST,0
2026-08-12T07:57:18 AEST,0
2026-08-12T08:26:50 AEST,0
2026-08-12T08:57:16 AEST,0
2026-08-12T09:25:10 AEST,0
2026-08-12T09:57:14 AEST,0
2026-08-12T10:44:35 AEST,0
2026-08-12T10:57:15 AEST,0
2026-08-12T11:57:15 AEST,0
2026-08-12T12:57:16 AEST,0
2026-08-12T13:14:20 AEST,0
2026-08-12T13:57:14 AEST,0
2026-08-12T14:57:16 AEST,0
2026-08-12T15:19:28 AEST,0
2026-08-12T15:57:58 AEST,0
2026-08-12T16:57:22 AEST,0
2026-08-12T16:59:46 AEST,0
2026-08-12T17:57:17 AEST,0
2026-08-12T18:55:09 AEST,0
2026-08-12T18:57:15 AEST,0
2026-08-12T19:57:22 AEST,0
2026-08-12T20:45:33 AEST,0
2026-08-12T20:57:14 AEST,0
2026-08-12T21:35:38 AEST,0
2026-08-12T21:57:16 AEST,0
2026-08-12T22:35:19 AEST,0
2026-08-12T22:57:22 AEST,0
2026-08-12T23:57:15 AEST,0
2026-08-13T00:09:07 AEST,0
2026-08-13T00:57:17 AEST,0
2026-08-13T01:44:18 AEST,0
2026-08-13T01:57:15 AEST,0
2026-08-13T02:41:28 AEST,0
2026-08-13T02:57:18 AEST,0
2026-08-13T03:45:44 AEST,0
2026-08-13T03:57:16 AEST,0
2026-08-13T04:41:12 AEST,0
2026-08-13T04:57:16 AEST,0
2026-08-13T05:52:51 AEST,0
2026-08-13T05:57:16 AEST,0
2026-08-13T06:33:39 AEST,0
2026-08-13T06:57:16 AEST,0
2026-08-13T07:30:35 AEST,0
2026-08-13T07:57:16 AEST,0
2026-08-13T08:25:49 AEST,0
2026-08-13T08:57:16 AEST,0
2026-08-13T09:25:34 AEST,0
2026-08-13T09:57:16 AEST,0
2026-08-13T10:46:13 AEST,0
2026-08-13T10:57:15 AEST,0
2026-08-13T11:57:16 AEST,0
2026-08-13T12:57:16 AEST,0
2026-08-13T13:18:49 AEST,0
2026-08-13T13:57:16 AEST,0
2026-08-13T14:57:15 AEST,0
2026-08-13T15:23:58 AEST,0
2026-08-13T15:57:16 AEST,0
2026-08-13T16:57:16 AEST,0
2026-08-13T17:03:44 AEST,0
2026-08-13T17:57:16 AEST,0
2026-08-13T18:57:16 AEST,0
2026-08-13T18:57:39 AEST,0
2026-08-13T19:57:18 AEST,0
2026-08-13T20:47:37 AEST,0
2026-08-13T20:57:16 AEST,0
2026-08-13T21:35:09 AEST,0
2026-08-13T21:57:15 AEST,0
2026-08-13T22:36:05 AEST,0
2026-08-13T22:57:16 AEST,0
2026-08-13T23:57:15 AEST,0
2026-08-14T00:10:31 AEST,0
2026-08-14T00:57:17 AEST,0
2026-08-14T01:43:57 AEST,0
2026-08-14T01:57:15 AEST,0
2026-08-14T02:40:22 AEST,0
2026-08-14T02:57:16 AEST,0
2026-08-14T03:45:30 AEST,0
2026-08-14T03:57:16 AEST,0
2026-08-14T04:41:26 AEST,0
2026-08-14T04:57:15 AEST,0
2026-08-14T05:47:13 AEST,0
2026-08-14T05:57:15 AEST,0
2026-08-14T06:25:04 AEST,0
2026-08-14T06:57:20 AEST,0
2026-08-14T07:30:57 AEST,0
2026-08-14T07:57:16 AEST,0
2026-08-14T08:26:29 AEST,0
2026-08-14T08:57:14 AEST,0
2026-08-14T09:26:50 AEST,0
2026-08-14T09:57:16 AEST,0
2026-08-14T10:45:53 AEST,0
2026-08-14T10:57:15 AEST,0
2026-08-14T11:57:15 AEST,0
2026-08-14T12:57:16 AEST,0
2026-08-14T13:15:54 AEST,0
2026-08-14T13:57:16 AEST,0
2026-08-14T14:57:17 AEST,0
2026-08-14T15:20:59 AEST,0
2026-08-14T15:57:14 AEST,0
2026-08-14T16:57:15 AEST,0
2026-08-14T17:57:16 AEST,0
2026-08-14T18:52:14 AEST,0
2026-08-14T18:57:14 AEST,0
2026-08-14T19:50:37 AEST,0
2026-08-14T19:57:15 AEST,0
2026-08-14T20:43:24 AEST,0
2026-08-14T20:57:15 AEST,0
2026-08-14T21:33:12 AEST,0
2026-08-14T21:57:15 AEST,0
2026-08-14T22:31:19 AEST,0
2026-08-14T22:57:15 AEST,0
2026-08-14T23:57:16 AEST,0
2026-08-15T00:04:26 AEST,0
2026-08-15T00:57:19 AEST,0
2026-08-15T01:37:14 AEST,0
2026-08-15T01:57:16 AEST,0
2026-08-15T02:36:01 AEST,0
2026-08-15T02:57:15 AEST,0
2026-08-15T03:40:59 AEST,0
2026-08-15T03:57:15 AEST,0
2026-08-15T04:35:33 AEST,0
2026-08-15T04:57:15 AEST,0
2026-08-15T05:38:59 AEST,0
2026-08-15T05:57:16 AEST,0
2026-08-15T06:17:30 AEST,0
2026-08-15T06:57:14 AEST,0
2026-08-15T07:11:38 AEST,0
2026-08-15T07:57:15 AEST,0
2026-08-15T08:08:12 AEST,0
2026-08-15T08:57:17 AEST,0
2026-08-15T09:08:31 AEST,0
2026-08-15T09:57:16 AEST,0
2026-08-15T10:25:08 AEST,0
2026-08-15T10:57:16 AEST,0
2026-08-15T11:57:15 AEST,0
2026-08-15T12:04:54 AEST,0
2026-08-15T12:57:16 AEST,0
2026-08-15T13:25:40 AEST,0
2026-08-15T13:57:17 AEST,0
2026-08-15T14:15:53 AEST,0
2026-08-15T14:57:16 AEST,0
2026-08-15T15:12:14 AEST,0
2026-08-15T15:57:14 AEST,0
2026-08-15T16:14:20 AEST,0
2026-08-15T16:57:16 AEST,0
2026-08-15T17:18:15 AEST,0
2026-08-15T17:57:16 AEST,0
2026-08-15T18:10:43 AEST,0
2026-08-15T18:57:15 AEST,0
2026-08-15T19:12:10 AEST,0
2026-08-15T19:57:14 AEST,0
2026-08-15T20:08:17 AEST,0
2026-08-15T20:57:17 AEST,0
2026-08-15T21:05:19 AEST,0
2026-08-15T21:57:15 AEST,0
2026-08-15T22:10:01 AEST,0
2026-08-15T22:57:16 AEST,0
2026-08-15T23:19:58 AEST,0
2026-08-15T23:57:14 AEST,0
2026-08-16T00:08:04 AEST,0
2026-08-16T00:57:15 AEST,0
2026-08-16T01:05:36 AEST,0
2026-08-16T01:57:16 AEST,0
2026-08-16T02:04:38 AEST,0
2026-08-16T02:57:16 AEST,0
2026-08-16T03:08:27 AEST,0
2026-08-16T03:57:16 AEST,0
2026-08-16T04:00:42 AEST,0
2026-08-16T04:57:16 AEST,0
2026-08-16T05:10:35 AEST,0
2026-08-16T05:57:14 AEST,0
2026-08-16T06:01:22 AEST,0
2026-08-16T06:57:15 AEST,0
2026-08-16T07:07:37 AEST,0
2026-08-16T07:57:14 AEST,0
2026-08-16T08:02:03 AEST,0
2026-08-16T08:57:15 AEST,0
2026-08-16T09:05:52 AEST,0
2026-08-16T09:57:15 AEST,0
2026-08-16T10:24:54 AEST,0
2026-08-16T10:57:14 AEST,0
2026-08-16T11:57:16 AEST,0
2026-08-16T12:12:14 AEST,0
2026-08-16T12:57:18 AEST,0
2026-08-16T13:35:40 AEST,0
2026-08-16T13:57:17 AEST,0
2026-08-16T14:22:04 AEST,0
2026-08-16T14:57:16 AEST,0
2026-08-16T15:14:49 AEST,0
2026-08-16T15:57:15 AEST,0
2026-08-16T16:15:48 AEST,0
2026-08-16T16:57:13 AEST,0
2026-08-16T17:20:13 AEST,0
2026-08-16T17:57:16 AEST,0
2026-08-16T18:12:07 AEST,0
2026-08-16T18:57:15 AEST,0
2026-08-16T19:13:23 AEST,0
2026-08-16T19:57:16 AEST,0
2026-08-16T20:08:53 AEST,0
2026-08-16T20:57:16 AEST,0
2026-08-16T21:07:19 AEST,0
2026-08-16T21:57:15 AEST,0
2026-08-16T22:10:14 AEST,0
2026-08-16T22:57:15 AEST,0
2026-08-16T23:21:00 AEST,0
2026-08-16T23:57:15 AEST,0
2026-08-17T00:09:23 AEST,0
2026-08-17T00:57:16 AEST,0
2026-08-17T01:07:53 AEST,0
2026-08-17T01:57:15 AEST,0
2026-08-17T02:07:25 AEST,0
2026-08-17T02:57:16 AEST,0
2026-08-17T03:08:08 AEST,0
2026-08-17T03:57:16 AEST,0
2026-08-17T04:07:43 AEST,0
2026-08-17T04:57:15 AEST,0
2026-08-17T05:10:02 AEST,0
2026-08-17T05:57:14 AEST,0
2026-08-17T06:00:34 AEST,0
2026-08-17T06:57:18 AEST,0
2026-08-17T07:05:35 AEST,0
2026-08-17T07:57:15 AEST,0
2026-08-17T08:00:38 AEST,0
2026-08-17T08:57:15 AEST,0
2026-08-17T09:03:02 AEST,0
2026-08-17T09:57:17 AEST,0
2026-08-17T10:23:47 AEST,0
2026-08-17T10:57:15 AEST,0
2026-08-17T11:57:16 AEST,0
2026-08-17T12:10:20 AEST,0
2026-08-17T12:57:16 AEST,0
2026-08-17T13:36:23 AEST,0
2026-08-17T13:57:16 AEST,0
2026-08-17T14:27:19 AEST,0
2026-08-17T14:57:14 AEST,0
2026-08-17T15:22:50 AEST,0
2026-08-17T15:57:15 AEST,0
2026-08-17T16:23:45 AEST,0
2026-08-17T16:57:15 AEST,0
2026-08-17T17:39:52 AEST,0
2026-08-17T17:57:15 AEST,0
2026-08-17T18:26:17 AEST,0
2026-08-17T18:57:15 AEST,0
2026-08-17T19:25:29 AEST,0
2026-08-17T19:57:14 AEST,0
2026-08-17T20:17:24 AEST,0
2026-08-17T20:57:16 AEST,0
2026-08-17T21:12:00 AEST,0
2026-08-17T21:57:14 AEST,0
2026-08-17T22:14:09 AEST,0
2026-08-17T22:57:16 AEST,0
2026-08-17T23:29:00 AEST,0
2026-08-17T23:57:16 AEST,0
2026-08-18T00:13:26 AEST,0
2026-08-18T00:57:16 AEST,0
2026-08-18T01:12:01 AEST,0
2026-08-18T01:57:15 AEST,0
2026-08-18T02:10:37 AEST,0
2026-08-18T02:57:17 AEST,0
2026-08-18T03:12:58 AEST,0
2026-08-18T04:16:21 AEST,0
2026-08-18T04:57:16 AEST,0
2026-08-18T05:17:17 AEST,0
2026-08-18T05:57:15 AEST,0
2026-08-18T06:10:40 AEST,0
2026-08-18T06:57:17 AEST,0
2026-08-18T07:12:29 AEST,0
2026-08-18T07:57:16 AEST,0
2026-08-18T08:09:13 AEST,0
2026-08-18T08:57:16 AEST,0
2026-08-18T09:08:35 AEST,0
2026-08-18T09:57:15 AEST,0
2026-08-18T10:23:57 AEST,0
2026-08-18T10:57:17 AEST,0
2026-08-18T11:57:18 AEST,0
2026-08-18T12:06:35 AEST,0
2026-08-18T12:57:16 AEST,0
2026-08-18T13:32:06 AEST,0
2026-08-18T13:57:16 AEST,0
2026-08-18T14:21:04 AEST,0
2026-08-18T14:57:17 AEST,0
2026-08-18T15:16:36 AEST,0
2026-08-18T15:57:15 AEST,0
2026-08-18T16:18:03 AEST,0
2026-08-18T16:57:17 AEST,0
2026-08-18T17:25:51 AEST,0
2026-08-18T17:57:17 AEST,0
2026-08-18T18:18:11 AEST,0
2026-08-18T18:57:16 AEST,0
2026-08-18T19:18:03 AEST,0
2026-08-18T19:57:15 AEST,0
2026-08-18T20:13:29 AEST,0
2026-08-18T20:57:16 AEST,0
2026-08-18T21:12:07 AEST,0
2026-08-18T21:57:16 AEST,0
2026-08-18T22:15:29 AEST,0
2026-08-18T22:57:16 AEST,0
2026-08-18T23:32:18 AEST,0
2026-08-18T23:57:17 AEST,0
2026-08-19T00:18:44 AEST,0
2026-08-19T00:57:18 AEST,0
2026-08-19T01:16:47 AEST,0
2026-08-19T01:57:16 AEST,0
2026-08-19T02:13:58 AEST,0
2026-08-19T02:57:17 AEST,0
2026-08-19T03:14:16 AEST,0
2026-08-19T03:57:15 AEST,0
2026-08-19T04:15:41 AEST,0
2026-08-19T04:57:16 AEST,0
2026-08-19T05:17:53 AEST,0
2026-08-19T05:57:15 AEST,0
2026-08-19T06:07:51 AEST,0
2026-08-19T06:57:15 AEST,0
2026-08-19T07:09:51 AEST,0
2026-08-19T07:57:15 AEST,0
2026-08-19T08:07:25 AEST,0
2026-08-19T08:57:14 AEST,0
2026-08-19T09:08:44 AEST,0
2026-08-19T09:57:15 AEST,0
2026-08-19T10:23:33 AEST,0
2026-08-19T10:57:15 AEST,0
2026-08-19T11:57:15 AEST,0
2026-08-19T12:08:35 AEST,0
2026-08-19T12:57:16 AEST,0
2026-08-19T13:34:04 AEST,0
2026-08-19T13:57:16 AEST,0
2026-08-19T14:22:30 AEST,0
2026-08-19T14:57:16 AEST,0
2026-08-19T15:16:45 AEST,0
2026-08-19T15:57:17 AEST,0
2026-08-19T16:18:58 AEST,0
2026-08-19T16:57:18 AEST,0
2026-08-19T17:26:42 AEST,0
2026-08-19T17:57:15 AEST,0
2026-08-19T18:18:51 AEST,0
2026-08-19T18:57:15 AEST,0
2026-08-19T19:18:20 AEST,0
2026-08-19T19:57:16 AEST,0
2026-08-19T20:13:40 AEST,0
2026-08-19T20:57:16 AEST,0
2026-08-19T21:11:39 AEST,0
2026-08-19T21:57:16 AEST,0
2026-08-19T22:15:23 AEST,0
2026-08-19T22:57:16 AEST,0
2026-08-19T23:33:40 AEST,0
2026-08-19T23:57:16 AEST,0
2026-08-20T00:19:13 AEST,0
2026-08-20T00:57:15 AEST,0
2026-08-20T01:16:25 AEST,0
2026-08-20T01:57:16 AEST,0
2026-08-20T02:14:23 AEST,0
2026-08-20T02:57:17 AEST,0
2026-08-20T03:13:25 AEST,0
2026-08-20T03:57:18 AEST,0
2026-08-20T04:12:47 AEST,0
2026-08-20T04:57:17 AEST,0
2026-08-20T05:14:18 AEST,0
2026-08-20T05:57:15 AEST,0
2026-08-20T06:10:10 AEST,0
2026-08-20T06:57:19 AEST,0
2026-08-20T07:12:26 AEST,0
2026-08-20T07:57:16 AEST,0
2026-08-20T08:10:15 AEST,0
2026-08-20T08:57:16 AEST,0
2026-08-20T09:10:14 AEST,0
2026-08-20T09:57:15 AEST,0
2026-08-20T10:24:13 AEST,0
2026-08-20T10:57:15 AEST,0
2026-08-20T11:57:15 AEST,0
2026-08-20T12:08:01 AEST,0
2026-08-20T12:57:15 AEST,0
2026-08-20T13:34:10 AEST,0
2026-08-20T13:57:15 AEST,0
2026-08-20T14:22:13 AEST,0
2026-08-20T14:57:17 AEST,0
2026-08-20T15:18:18 AEST,0
2026-08-20T15:57:15 AEST,0
2026-08-20T16:19:47 AEST,0
2026-08-20T16:57:17 AEST,0
2026-08-20T17:28:48 AEST,0
2026-08-20T17:57:15 AEST,0
2026-08-20T18:19:49 AEST,0
2026-08-20T18:57:16 AEST,0
2026-08-20T19:19:25 AEST,0
2026-08-20T19:57:16 AEST,0
2026-08-20T20:15:14 AEST,0
2026-08-20T20:57:15 AEST,0
2026-08-20T21:13:21 AEST,0
2026-08-20T21:57:16 AEST,0
2026-08-20T22:17:17 AEST,0
2026-08-20T22:57:17 AEST,0
2026-08-20T23:35:45 AEST,0
2026-08-20T23:57:16 AEST,0
2026-08-21T00:21:46 AEST,0
2026-08-21T00:57:16 AEST,0
2026-08-21T01:19:57 AEST,0
2026-08-21T01:57:17 AEST,0
2026-08-21T02:17:19 AEST,0
2026-08-21T02:57:18 AEST,0
2026-08-21T03:15:24 AEST,0
2026-08-21T03:57:17 AEST,0
2026-08-21T04:16:30 AEST,0
2026-08-21T04:57:15 AEST,0
2026-08-21T05:20:20 AEST,0
2026-08-21T05:57:17 AEST,0
2026-08-21T06:12:50 AEST,0
2026-08-21T06:57:19 AEST,0
2026-08-21T07:14:11 AEST,0
2026-08-21T07:57:16 AEST,0
2026-08-21T08:11:44 AEST,0
2026-08-21T08:57:14 AEST,0
2026-08-21T09:12:11 AEST,0
2026-08-21T09:57:15 AEST,0
2026-08-21T10:26:15 AEST,0
2026-08-21T10:57:17 AEST,0
2026-08-21T11:57:15 AEST,0
2026-08-21T12:13:54 AEST,0
2026-08-21T12:57:19 AEST,0
2026-08-21T13:37:43 AEST,0
2026-08-21T13:57:15 AEST,0
2026-08-21T14:24:46 AEST,0
2026-08-21T14:57:15 AEST,0
2026-08-21T15:19:43 AEST,0
2026-08-21T15:57:15 AEST,0
2026-08-21T16:20:18 AEST,0
2026-08-21T16:57:15 AEST,0
2026-08-21T17:31:13 AEST,0
2026-08-21T17:57:15 AEST,0
2026-08-21T18:21:18 AEST,0
2026-08-21T18:57:16 AEST,0
2026-08-21T19:21:33 AEST,0
2026-08-21T19:57:16 AEST,0
2026-08-21T20:15:19 AEST,0
2026-08-21T20:57:15 AEST,0
2026-08-21T21:13:12 AEST,0
2026-08-21T21:57:16 AEST,0
2026-08-21T22:17:11 AEST,0
2026-08-21T22:57:19 AEST,0
2026-08-21T23:34:54 AEST,0
2026-08-21T23:57:16 AEST,0
2026-08-22T00:20:19 AEST,0
2026-08-22T00:57:15 AEST,0
2026-08-22T01:18:32 AEST,0
2026-08-22T01:57:15 AEST,0
2026-08-22T02:15:34 AEST,0
2026-08-22T02:57:15 AEST,0
2026-08-22T03:15:30 AEST,0
2026-08-22T03:57:16 AEST,0
2026-08-22T04:16:09 AEST,0
2026-08-22T04:57:15 AEST,0
2026-08-22T05:16:15 AEST,0
2026-08-22T05:57:17 AEST,0
2026-08-22T06:09:24 AEST,0
2026-08-22T06:57:15 AEST,0
2026-08-22T07:10:11 AEST,0
2026-08-22T07:57:15 AEST,0
2026-08-22T08:08:36 AEST,0
2026-08-22T08:57:17 AEST,0
2026-08-22T09:10:04 AEST,0
2026-08-22T09:57:16 AEST,0
2026-08-22T10:23:53 AEST,0
2026-08-22T10:57:15 AEST,0
2026-08-22T11:57:15 AEST,0
2026-08-22T12:06:17 AEST,0
2026-08-22T12:57:15 AEST,0
2026-08-22T13:29:31 AEST,0
2026-08-22T13:57:15 AEST,0
2026-08-22T14:18:29 AEST,0
2026-08-22T14:57:16 AEST,0
2026-08-22T15:13:42 AEST,0
2026-08-22T15:57:16 AEST,0
2026-08-22T16:15:07 AEST,0
2026-08-22T16:57:17 AEST,0
2026-08-22T17:20:07 AEST,0
2026-08-22T17:57:15 AEST,0
2026-08-22T18:12:34 AEST,0
2026-08-22T18:57:17 AEST,0
2026-08-22T19:13:28 AEST,0
2026-08-22T19:57:16 AEST,0
2026-08-22T20:08:40 AEST,0
2026-08-22T20:57:15 AEST,0
2026-08-22T21:07:48 AEST,0
2026-08-22T21:57:15 AEST,0
2026-08-22T22:10:24 AEST,0
2026-08-22T22:57:16 AEST,0
2026-08-22T23:21:35 AEST,0
2026-08-22T23:57:16 AEST,0
2026-08-23T00:07:27 AEST,0
2026-08-23T00:57:16 AEST,0
2026-08-23T01:06:09 AEST,0
2026-08-23T01:57:15 AEST,0
2026-08-23T02:04:33 AEST,0
2026-08-23T02:57:16 AEST,0
2026-08-23T03:08:11 AEST,0
2026-08-23T03:57:16 AEST,0
2026-08-23T04:08:27 AEST,0
2026-08-23T04:57:16 AEST,0
2026-08-23T05:11:53 AEST,0
2026-08-23T05:57:16 AEST,0
2026-08-23T06:05:27 AEST,0
2026-08-23T06:57:16 AEST,0
2026-08-23T07:08:03 AEST,0
2026-08-23T07:57:14 AEST,0
2026-08-23T08:03:44 AEST,0
2026-08-23T08:57:14 AEST,0
2026-08-23T09:07:11 AEST,0
2026-08-23T09:57:15 AEST,0
2026-08-23T10:25:29 AEST,0
2026-08-23T10:57:15 AEST,0
2026-08-23T11:57:16 AEST,0
2026-08-23T12:15:10 AEST,0
2026-08-23T12:57:17 AEST,0
2026-08-23T13:37:32 AEST,0
2026-08-23T13:57:15 AEST,0
2026-08-23T14:23:33 AEST,0
2026-08-23T14:57:16 AEST,0
2026-08-23T15:17:00 AEST,0
2026-08-23T15:57:15 AEST,0
2026-08-23T16:16:43 AEST,0
2026-08-23T16:57:15 AEST,0
2026-08-23T17:21:59 AEST,0
2026-08-23T17:57:14 AEST,0
2026-08-23T18:12:56 AEST,0
2026-08-23T18:57:14 AEST,0
2026-08-23T19:13:21 AEST,0
2026-08-23T19:57:15 AEST,0
2026-08-23T20:09:22 AEST,0
2026-08-23T20:57:15 AEST,0
2026-08-23T21:08:38 AEST,0
2026-08-23T21:57:15 AEST,0
2026-08-23T22:11:15 AEST,0
2026-08-23T22:57:16 AEST,0
2026-08-23T23:22:01 AEST,0
2026-08-23T23:57:14 AEST,0
2026-08-24T00:09:52 AEST,0
2026-08-24T00:57:16 AEST,0
2026-08-24T01:08:20 AEST,0
2026-08-24T01:57:16 AEST,0
2026-08-24T02:07:57 AEST,0
2026-08-24T02:57:14 AEST,0
2026-08-24T03:09:09 AEST,0
2026-08-24T03:57:15 AEST,0
2026-08-24T04:08:43 AEST,0
2026-08-24T04:57:20 AEST,0
2026-08-24T05:11:16 AEST,0
2026-08-24T05:57:15 AEST,0
2026-08-24T06:02:28 AEST,0
2026-08-24T06:57:16 AEST,0
2026-08-24T07:08:01 AEST,0
2026-08-24T07:57:15 AEST,0
2026-08-24T08:02:34 AEST,0
2026-08-24T08:57:15 AEST,0
2026-08-24T09:07:08 AEST,0
2026-08-24T09:57:18 AEST,0
2026-08-24T10:24:56 AEST,0
2026-08-24T10:57:15 AEST,0
2026-08-24T11:57:14 AEST,0
2026-08-24T12:13:15 AEST,0
2026-08-24T12:57:14 AEST,0
2026-08-24T13:40:38 AEST,0
2026-08-24T13:57:16 AEST,0
2026-08-24T14:31:29 AEST,0
2026-08-24T14:57:15 AEST,0
2026-08-24T15:25:46 AEST,0
2026-08-24T15:57:14 AEST,0
2026-08-24T16:27:30 AEST,0
2026-08-24T16:57:16 AEST,0
2026-08-24T17:45:31 AEST,0
2026-08-24T17:57:15 AEST,0
2026-08-24T18:31:08 AEST,0
2026-08-24T18:57:16 AEST,0
2026-08-24T19:31:34 AEST,0
2026-08-24T19:57:15 AEST,0
2026-08-24T20:23:28 AEST,0
2026-08-24T20:57:15 AEST,0
2026-08-24T21:14:43 AEST,0
2026-08-24T21:57:16 AEST,0
2026-08-24T22:18:07 AEST,0
2026-08-24T22:57:15 AEST,0
2026-08-24T23:39:13 AEST,0
2026-08-24T23:57:16 AEST,0
2026-08-25T00:27:35 AEST,0
2026-08-25T00:57:16 AEST,0
2026-08-25T01:25:12 AEST,0
2026-08-25T01:57:16 AEST,0
2026-08-25T02:19:02 AEST,0
2026-08-25T02:57:15 AEST,0
2026-08-25T03:18:42 AEST,0
2026-08-25T03:57:16 AEST,0
2026-08-25T04:18:03 AEST,0
2026-08-25T04:57:17 AEST,0
2026-08-25T05:18:33 AEST,0
2026-08-25T05:57:17 AEST,0
2026-08-25T06:13:28 AEST,0
2026-08-25T06:57:15 AEST,0
2026-08-25T07:14:50 AEST,0
2026-08-25T07:57:16 AEST,0
2026-08-25T08:10:38 AEST,0
2026-08-25T08:57:15 AEST,0
2026-08-25T09:10:27 AEST,0
2026-08-25T09:57:15 AEST,0
2026-08-25T10:24:37 AEST,0
2026-08-25T10:57:15 AEST,0
2026-08-25T11:57:15 AEST,0
2026-08-25T12:09:34 AEST,0
2026-08-25T12:57:15 AEST,0
2026-08-25T13:35:59 AEST,0
2026-08-25T13:57:15 AEST,0
2026-08-25T14:24:51 AEST,0
2026-08-25T14:57:14 AEST,0
2026-08-25T15:19:44 AEST,0
2026-08-25T15:57:16 AEST,0
2026-08-25T16:20:34 AEST,0
2026-08-25T16:57:15 AEST,0
2026-08-25T17:32:16 AEST,0
2026-08-25T17:57:16 AEST,0
2026-08-25T18:24:51 AEST,0
2026-08-25T18:57:15 AEST,0
2026-08-25T19:21:04 AEST,0
2026-08-25T19:57:15 AEST,0
2026-08-25T20:16:55 AEST,0
2026-08-25T20:57:16 AEST,0
2026-08-25T21:13:50 AEST,0
2026-08-25T21:57:15 AEST,0
2026-08-25T22:18:23 AEST,0
2026-08-25T22:57:16 AEST,0
2026-08-25T23:37:50 AEST,0
2026-08-25T23:57:17 AEST,0
2026-08-26T00:30:20 AEST,0
2026-08-26T00:57:15 AEST,0
2026-08-26T01:29:22 AEST,0
2026-08-26T01:57:16 AEST,0
2026-08-26T02:20:40 AEST,0
2026-08-26T02:57:16 AEST,0
2026-08-26T03:19:02 AEST,0
2026-08-26T03:57:29 AEST,0
2026-08-26T04:17:52 AEST,0
2026-08-26T04:57:18 AEST,0
2026-08-26T05:19:24 AEST,0
2026-08-26T05:57:17 AEST,0
2026-08-26T06:12:01 AEST,0
2026-08-26T06:57:15 AEST,0
2026-08-26T07:13:17 AEST,0
2026-08-26T07:57:20 AEST,0
2026-08-26T08:10:43 AEST,0
2026-08-26T08:57:16 AEST,0
2026-08-26T09:12:37 AEST,0
2026-08-26T09:57:17 AEST,0
2026-08-26T10:26:11 AEST,0
2026-08-26T10:57:16 AEST,0
2026-08-26T11:57:15 AEST,0
2026-08-26T12:15:29 AEST,0
2026-08-26T12:57:16 AEST,0
2026-08-26T13:40:32 AEST,0
2026-08-26T13:57:15 AEST,0
2026-08-26T14:26:11 AEST,0
2026-08-26T14:57:14 AEST,0
2026-08-26T15:19:36 AEST,0
2026-08-26T15:57:15 AEST,0
2026-08-26T16:22:01 AEST,0
2026-08-26T16:57:15 AEST,0
2026-08-26T17:34:11 AEST,0
2026-08-26T17:57:17 AEST,0
2026-08-26T18:25:22 AEST,0
2026-08-26T18:57:16 AEST,0
2026-08-26T19:26:24 AEST,0
2026-08-26T19:57:17 AEST,0
2026-08-26T20:20:15 AEST,0
2026-08-26T20:57:16 AEST,0
2026-08-26T21:16:38 AEST,0
2026-08-26T21:57:16 AEST,0
2026-08-26T22:20:10 AEST,0
2026-08-26T22:57:17 AEST,0
2026-08-26T23:42:12 AEST,0
2026-08-26T23:57:16 AEST,0
2026-08-27T00:30:20 AEST,0
2026-08-27T00:57:16 AEST,0
2026-08-27T01:57:17 AEST,0
2026-08-27T02:05:58 AEST,0
2026-08-27T02:57:17 AEST,0
2026-08-27T03:57:16 AEST,0
2026-08-27T04:30:21 AEST,0
2026-08-27T04:57:17 AEST,0
2026-08-27T05:57:15 AEST,0
2026-08-27T06:57:16 AEST,0
2026-08-27T07:18:44 AEST,0
2026-08-27T07:57:15 AEST,0
2026-08-27T08:57:16 AEST,0
2026-08-27T09:57:15 AEST,0
2026-08-27T10:57:16 AEST,0
2026-08-27T11:57:16 AEST,0
2026-08-27T12:16:16 AEST,0
2026-08-27T12:57:16 AEST,0
2026-08-27T13:57:16 AEST,0
2026-08-27T14:57:17 AEST,0
2026-08-27T15:57:15 AEST,0
2026-08-27T16:57:15 AEST,0
2026-08-27T17:57:17 AEST,0
2026-08-27T18:57:16 AEST,0
